-- phpMyAdmin SQL Dump
-- version 4.9.4
-- https://www.phpmyadmin.net/
--
-- Servidor: localhost:3306
-- Tiempo de generación: 17-07-2020 a las 21:23:36
-- Versión del servidor: 5.6.47
-- Versión de PHP: 7.3.6

SET SQL_MODE = "NO_AUTO_VALUE_ON_ZERO";
SET AUTOCOMMIT = 0;
START TRANSACTION;
SET time_zone = "+00:00";


/*!40101 SET @OLD_CHARACTER_SET_CLIENT=@@CHARACTER_SET_CLIENT */;
/*!40101 SET @OLD_CHARACTER_SET_RESULTS=@@CHARACTER_SET_RESULTS */;
/*!40101 SET @OLD_COLLATION_CONNECTION=@@COLLATION_CONNECTION */;
/*!40101 SET NAMES utf8mb4 */;

--
-- Base de datos: `exponer_notarweb`
--

-- --------------------------------------------------------

--
-- Estructura de tabla para la tabla `auth`
--

CREATE TABLE `auth` (
  `id_auth` int(10) UNSIGNED NOT NULL,
  `idusr` int(10) UNSIGNED NOT NULL,
  `last_auth` date DEFAULT NULL
) ENGINE=InnoDB DEFAULT CHARSET=utf8 COLLATE=utf8_spanish_ci;

--
-- Volcado de datos para la tabla `auth`
--

INSERT INTO `auth` (`id_auth`, `idusr`, `last_auth`) VALUES
(2, 2, '2020-07-17'),
(9, 9, '2020-04-07'),
(11, 11, '2020-06-23'),
(12, 12, '2020-07-17'),
(13, 13, '2020-07-09'),
(14, 14, '2020-05-08'),
(15, 15, '2020-05-10'),
(16, 16, '2020-05-06'),
(17, 17, '2020-04-08'),
(18, 18, '2020-07-10'),
(19, 19, NULL),
(20, 20, '2020-04-08'),
(21, 21, '2020-04-08'),
(22, 22, '2020-06-20'),
(23, 23, '2020-07-01'),
(24, 24, '2020-05-12'),
(25, 25, NULL),
(26, 26, '2020-04-08'),
(27, 27, '2020-04-24'),
(28, 28, '2020-06-19'),
(29, 29, '2020-04-07'),
(30, 30, '2020-04-08'),
(31, 31, '2020-04-09'),
(32, 32, '2020-04-09'),
(33, 33, '2020-04-13'),
(34, 34, '2020-04-14'),
(35, 35, '2020-04-29'),
(36, 36, '2020-04-14'),
(37, 37, '2020-04-08'),
(38, 38, '2020-05-21'),
(39, 39, '2020-04-24'),
(40, 40, '2020-04-08'),
(41, 41, '2020-04-08'),
(42, 42, '2020-04-07'),
(43, 43, '2020-05-15'),
(44, 44, NULL),
(45, 45, NULL),
(46, 46, '2020-05-15'),
(47, 47, '2020-04-08'),
(48, 48, '2020-04-26'),
(49, 49, '2020-04-08'),
(50, 50, NULL),
(52, 52, '2020-04-28'),
(53, 53, '2020-04-08'),
(54, 54, '2020-04-08'),
(55, 55, NULL),
(56, 56, '2020-06-13'),
(57, 57, '2020-04-25'),
(58, 58, '2020-05-08'),
(59, 59, '2020-05-21'),
(60, 60, '2020-04-09'),
(61, 61, '2020-04-29'),
(62, 62, '2020-06-14'),
(63, 63, NULL),
(64, 64, '2020-04-08'),
(65, 65, '2020-05-10'),
(66, 66, '2020-04-07'),
(68, 68, NULL),
(69, 69, '2020-04-08'),
(70, 70, '2020-04-08'),
(71, 71, '2020-04-09'),
(72, 72, '2020-04-29'),
(73, 73, '2020-04-14'),
(74, 74, '2020-04-10'),
(75, 75, '2020-04-14'),
(76, 76, '2020-04-26'),
(77, 77, '2020-04-08'),
(78, 78, '2020-07-05'),
(79, 79, '2020-04-08'),
(80, 80, '2020-05-08'),
(81, 81, NULL),
(82, 82, '2020-04-08'),
(83, 83, '2020-05-08'),
(84, 84, NULL),
(85, 85, NULL),
(86, 86, '2020-04-20'),
(87, 87, '2020-04-08'),
(88, 88, '2020-04-22'),
(89, 89, '2020-04-17'),
(90, 90, '2020-04-08'),
(91, 91, '2020-04-08'),
(92, 92, '2020-04-08'),
(93, 93, '2020-06-25'),
(94, 94, '2020-05-08'),
(95, 95, '2020-04-08'),
(96, 96, '2020-04-12'),
(97, 97, '2020-04-08'),
(98, 98, '2020-04-08'),
(99, 99, '2020-05-13'),
(100, 100, '2020-04-10'),
(101, 101, '2020-04-20'),
(102, 102, '2020-04-08'),
(103, 103, '2020-04-08'),
(104, 104, '2020-07-15'),
(105, 105, '2020-04-10'),
(106, 106, '2020-04-24'),
(107, 107, '2020-05-19'),
(108, 108, NULL),
(109, 109, '2020-04-08'),
(110, 110, '2020-06-13'),
(111, 111, '2020-04-08'),
(112, 112, '2020-04-08'),
(113, 113, '2020-04-08'),
(115, 115, '2020-04-08'),
(116, 116, '2020-05-09'),
(117, 117, '2020-04-08'),
(118, 118, '2020-07-13'),
(119, 119, '2020-04-08'),
(120, 120, '2020-07-13'),
(121, 121, '2020-07-16'),
(122, 122, NULL),
(123, 123, '2020-04-08'),
(124, 124, NULL),
(125, 125, '2020-04-08'),
(126, 126, NULL),
(127, 127, '2020-04-08'),
(128, 128, '2020-04-08'),
(129, 129, '2020-04-08'),
(130, 130, '2020-04-24'),
(131, 131, '2020-04-25'),
(132, 132, NULL),
(133, 133, NULL),
(134, 134, NULL),
(135, 135, '2020-04-08'),
(136, 136, '2020-05-08'),
(137, 137, '2020-05-22'),
(138, 138, '2020-05-08'),
(139, 139, '2020-04-09'),
(140, 140, '2020-04-08'),
(141, 141, '2020-04-08'),
(142, 142, '2020-04-08'),
(143, 143, '2020-04-08'),
(144, 144, '2020-04-10'),
(145, 145, '2020-04-08'),
(146, 146, '2020-05-10'),
(147, 147, '2020-04-08'),
(148, 148, '2020-04-08'),
(149, 149, '2020-04-08'),
(150, 150, NULL),
(151, 151, '2020-05-29'),
(152, 152, '2020-04-25'),
(153, 153, '2020-05-21'),
(154, 154, '2020-04-08'),
(155, 155, '2020-04-08'),
(156, 156, '2020-04-14'),
(157, 157, '2020-04-17'),
(158, 158, '2020-07-13'),
(159, 159, '2020-04-09'),
(160, 160, '2020-04-14'),
(161, 161, NULL),
(162, 162, '2020-04-28'),
(163, 163, '2020-04-08'),
(164, 164, '2020-04-08'),
(165, 165, '2020-04-13'),
(166, 166, '2020-04-08'),
(167, 167, '2020-04-08'),
(168, 168, '2020-04-25'),
(169, 169, '2020-04-08'),
(170, 170, '2020-04-08'),
(171, 171, NULL),
(172, 172, NULL),
(173, 173, '2020-07-08'),
(174, 174, '2020-04-08'),
(175, 175, NULL),
(176, 176, '2020-04-08'),
(177, 177, '2020-04-08'),
(178, 178, '2020-04-08'),
(179, 179, '2020-05-11'),
(180, 180, '2020-04-08'),
(181, 181, '2020-04-08'),
(182, 182, '2020-04-08'),
(183, 183, '2020-04-27'),
(184, 184, '2020-04-21'),
(185, 185, '2020-04-08'),
(186, 186, '2020-04-08'),
(187, 187, '2020-04-08'),
(188, 188, '2020-07-06'),
(189, 189, '2020-04-08'),
(190, 190, '2020-04-08'),
(191, 191, '2020-04-08'),
(192, 192, '2020-04-24'),
(193, 193, '2020-04-08'),
(194, 194, '2020-04-08'),
(195, 195, '2020-04-08'),
(196, 196, '2020-04-18'),
(197, 197, '2020-04-08'),
(198, 198, '2020-05-05'),
(199, 199, NULL),
(200, 200, '2020-04-10'),
(201, 201, '2020-04-08'),
(202, 202, '2020-04-09'),
(203, 203, '2020-04-08'),
(204, 204, '2020-04-09'),
(205, 205, '2020-04-08'),
(206, 206, '2020-04-11'),
(207, 207, '2020-04-08'),
(208, 208, '2020-04-08'),
(209, 209, '2020-07-01'),
(210, 210, '2020-04-15'),
(211, 211, '2020-05-11'),
(214, 214, NULL),
(215, 215, '2020-04-08'),
(216, 216, '2020-04-19'),
(217, 217, NULL),
(218, 218, '2020-04-08'),
(219, 219, '2020-07-11'),
(220, 220, '2020-05-29'),
(221, 221, NULL),
(222, 222, '2020-05-08'),
(224, 224, '2020-06-02'),
(225, 225, NULL),
(226, 226, '2020-04-08'),
(227, 227, NULL),
(228, 228, '2020-07-16'),
(229, 229, NULL),
(230, 230, '2020-05-13'),
(231, 231, NULL),
(232, 232, NULL),
(233, 233, '2020-04-09'),
(234, 234, '2020-04-23'),
(235, 235, '2020-05-07'),
(236, 236, '2020-04-25'),
(237, 237, NULL),
(238, 238, '2020-04-29'),
(239, 239, '2020-04-08'),
(241, 241, NULL),
(242, 242, '2020-04-08'),
(243, 243, '2020-04-08'),
(244, 244, '2020-04-08'),
(245, 245, '2020-05-22'),
(246, 246, '2020-04-08'),
(247, 247, '2020-04-08'),
(248, 248, '2020-04-14'),
(249, 249, '2020-04-08'),
(250, 250, '2020-04-08'),
(251, 251, '2020-05-08'),
(252, 252, '2020-04-09'),
(253, 253, NULL),
(254, 254, NULL),
(255, 255, '2020-04-08'),
(256, 256, '2020-04-08'),
(257, 257, NULL),
(258, 258, '2020-06-10'),
(259, 259, '2020-04-09'),
(260, 260, '2020-04-09'),
(261, 261, '2020-04-09'),
(262, 262, '2020-07-04'),
(263, 263, NULL),
(264, 264, '2020-04-09'),
(265, 265, '2020-04-09'),
(266, 266, '2020-04-26'),
(267, 267, '2020-05-07'),
(268, 268, '2020-04-09'),
(269, 269, NULL),
(270, 270, '2020-04-09'),
(271, 271, '2020-06-23'),
(272, 272, '2020-04-09'),
(273, 273, '2020-05-30'),
(274, 274, '2020-04-09'),
(275, 275, '2020-06-09'),
(276, 276, '2020-04-21'),
(277, 277, NULL),
(278, 278, '2020-04-25'),
(279, 279, '2020-04-09'),
(280, 280, '2020-04-13'),
(281, 281, '2020-04-09'),
(282, 282, '2020-04-13'),
(283, 283, '2020-06-02'),
(284, 284, '2020-04-09'),
(285, 285, '2020-04-09'),
(286, 286, '2020-05-18'),
(287, 287, '2020-04-09'),
(288, 288, '2020-04-17'),
(289, 289, '2020-04-16'),
(290, 290, '2020-04-09'),
(291, 291, '2020-04-09'),
(292, 292, '2020-04-09'),
(293, 293, NULL),
(294, 294, NULL),
(295, 295, NULL),
(296, 296, '2020-04-09'),
(297, 297, '2020-04-09'),
(298, 298, '2020-04-09'),
(299, 299, NULL),
(300, 300, '2020-04-09'),
(301, 301, '2020-04-09'),
(302, 302, '2020-04-09'),
(303, 303, '2020-04-24'),
(304, 304, '2020-04-16'),
(305, 305, '2020-04-10'),
(306, 306, '2020-05-08'),
(307, 307, '2020-04-25'),
(308, 308, '2020-04-09'),
(309, 309, '2020-04-24'),
(310, 310, '2020-04-10'),
(311, 311, '2020-04-10'),
(312, 312, '2020-04-10'),
(313, 313, NULL),
(314, 314, '2020-04-10'),
(315, 315, '2020-04-10'),
(316, 316, '2020-04-10'),
(317, 317, '2020-04-11'),
(318, 318, NULL),
(319, 319, '2020-04-30'),
(320, 320, '2020-04-13'),
(321, 321, '2020-04-11'),
(322, 322, '2020-04-12'),
(323, 323, '2020-04-11'),
(324, 324, '2020-04-24'),
(325, 325, '2020-07-13'),
(326, 326, '2020-07-07'),
(327, 327, '2020-04-12'),
(328, 328, '2020-04-12'),
(329, 329, '2020-04-13'),
(330, 330, '2020-04-13'),
(331, 331, '2020-04-13'),
(332, 332, NULL),
(333, 333, '2020-04-13'),
(334, 334, '2020-04-14'),
(335, 335, '2020-07-04'),
(336, 336, '2020-04-13'),
(337, 337, '2020-06-26'),
(338, 338, '2020-04-13'),
(339, 339, '2020-04-13'),
(340, 340, '2020-04-13'),
(341, 341, '2020-04-13'),
(342, 342, '2020-04-13'),
(343, 343, '2020-04-13'),
(344, 344, '2020-04-14'),
(345, 345, '2020-06-25'),
(346, 346, '2020-04-14'),
(347, 347, NULL),
(348, 348, NULL),
(349, 349, '2020-07-14'),
(350, 350, '2020-04-14'),
(351, 351, NULL),
(352, 352, NULL),
(353, 353, '2020-04-16'),
(354, 354, '2020-04-15'),
(355, 355, NULL),
(356, 356, '2020-04-15'),
(357, 357, NULL),
(358, 358, '2020-04-16'),
(359, 359, '2020-05-08'),
(360, 360, '2020-04-16'),
(362, 362, '2020-04-17'),
(363, 363, '2020-04-17'),
(364, 364, '2020-06-22'),
(365, 365, '2020-04-22'),
(366, 366, '2020-04-20'),
(367, 367, '2020-04-18'),
(368, 368, '2020-04-18'),
(369, 369, '2020-04-18'),
(370, 370, NULL),
(371, 371, '2020-05-16'),
(372, 372, '2020-04-21'),
(374, 374, '2020-04-21'),
(375, 375, '2020-04-21'),
(376, 376, '2020-05-11'),
(377, 377, '2020-04-21'),
(378, 378, '2020-06-12'),
(379, 379, '2020-04-22'),
(380, 380, NULL),
(381, 381, NULL),
(382, 382, '2020-07-05'),
(383, 383, NULL),
(384, 384, NULL),
(386, 386, NULL),
(387, 387, NULL),
(388, 388, NULL),
(391, 391, NULL),
(392, 392, NULL),
(393, 393, NULL),
(394, 394, '2020-05-20'),
(395, 395, NULL),
(398, 398, NULL),
(400, 400, NULL),
(401, 401, '2020-05-08'),
(402, 402, NULL),
(403, 403, NULL),
(404, 404, NULL),
(405, 405, NULL),
(406, 406, NULL),
(407, 407, NULL),
(408, 408, NULL),
(409, 409, NULL),
(411, 411, NULL),
(414, 414, NULL),
(417, 417, NULL),
(418, 418, '2020-06-20'),
(420, 420, NULL),
(421, 421, '2020-07-15'),
(422, 422, '2020-06-12'),
(423, 423, NULL),
(424, 424, '2020-06-23'),
(428, 428, '2020-05-05'),
(429, 429, '2020-05-05'),
(430, 430, '2020-06-28'),
(431, 431, '2020-06-30'),
(432, 432, '2020-05-28'),
(433, 433, '2020-05-09'),
(434, 434, '2020-07-05'),
(435, 435, '2020-06-19'),
(436, 436, '2020-05-12'),
(437, 437, '2020-05-13'),
(438, 438, '2020-07-13'),
(440, 440, '2020-06-20'),
(441, 441, '2020-05-09'),
(442, 442, '2020-06-22'),
(443, 443, '2020-06-21'),
(444, 444, '2020-07-14'),
(445, 445, '2020-07-06'),
(447, 447, '2020-05-12'),
(448, 448, '2020-05-10'),
(449, 449, '2020-06-28'),
(450, 450, NULL),
(451, 451, '2020-06-22'),
(452, 452, '2020-06-12'),
(453, 453, '2020-07-09'),
(454, 454, '2020-07-05'),
(455, 455, '2020-05-08'),
(456, 456, '2020-06-30'),
(457, 457, '2020-05-08'),
(458, 458, '2020-07-16'),
(459, 459, '2020-05-20'),
(461, 461, '2020-05-08'),
(462, 462, '2020-06-19'),
(463, 463, '2020-06-26'),
(464, 464, '2020-07-17'),
(465, 465, '2020-07-07'),
(466, 466, '2020-06-28'),
(467, 467, '2020-07-13'),
(468, 468, '2020-07-10'),
(469, 469, '2020-06-19'),
(470, 470, '2020-05-08'),
(471, 471, '2020-07-07'),
(472, 472, '2020-07-08'),
(473, 473, NULL),
(474, 474, '2020-07-14'),
(475, 475, '2020-05-08'),
(476, 476, '2020-05-19'),
(477, 477, '2020-06-13'),
(478, 478, '2020-07-07'),
(479, 479, '2020-07-16'),
(480, 480, '2020-07-09'),
(481, 481, '2020-06-15'),
(482, 482, '2020-05-08'),
(483, 483, '2020-05-12'),
(484, 484, '2020-07-15'),
(485, 485, '2020-05-14'),
(486, 486, '2020-06-03'),
(487, 487, '2020-05-11'),
(488, 488, '2020-05-12'),
(489, 489, '2020-07-15'),
(490, 490, '2020-06-20'),
(491, 491, '2020-06-03'),
(492, 492, '2020-05-26'),
(493, 493, '2020-05-11'),
(494, 494, '2020-05-12'),
(495, 495, '2020-05-12'),
(496, 496, NULL),
(497, 497, '2020-06-22'),
(498, 498, '2020-07-13'),
(499, 499, NULL),
(500, 500, NULL),
(501, 501, NULL),
(502, 502, '2020-07-01'),
(503, 503, '2020-07-08'),
(504, 504, '2020-07-13'),
(505, 505, '2020-07-14'),
(506, 506, NULL);

-- --------------------------------------------------------

--
-- Estructura de tabla para la tabla `categories`
--

CREATE TABLE `categories` (
  `id` int(10) UNSIGNED NOT NULL,
  `name` varchar(100) COLLATE utf8_spanish_ci DEFAULT NULL
) ENGINE=InnoDB DEFAULT CHARSET=utf8 COLLATE=utf8_spanish_ci;

--
-- Volcado de datos para la tabla `categories`
--

INSERT INTO `categories` (`id`, `name`) VALUES
(22, 'Colegio Notarial'),
(26, 'Economia y Finanzas'),
(27, 'Temas de Interes');

-- --------------------------------------------------------

--
-- Estructura de tabla para la tabla `commentscourse`
--

CREATE TABLE `commentscourse` (
  `id` int(10) UNSIGNED NOT NULL,
  `idvideo` varchar(50) COLLATE utf8_spanish_ci DEFAULT NULL,
  `comment` varchar(100) COLLATE utf8_spanish_ci DEFAULT NULL,
  `commentdate` datetime DEFAULT NULL
) ENGINE=InnoDB DEFAULT CHARSET=utf8 COLLATE=utf8_spanish_ci;

-- --------------------------------------------------------

--
-- Estructura de tabla para la tabla `course`
--

CREATE TABLE `course` (
  `id` int(10) UNSIGNED NOT NULL,
  `price` float DEFAULT NULL,
  `name` varchar(100) COLLATE utf8_spanish_ci DEFAULT NULL,
  `description` varchar(500) COLLATE utf8_spanish_ci DEFAULT NULL,
  `category` int(10) UNSIGNED DEFAULT NULL,
  `creationdate` datetime NOT NULL,
  `modificationdate` datetime DEFAULT NULL,
  `imgname` varchar(100) COLLATE utf8_spanish_ci DEFAULT 'default.jpg',
  `subcategory` int(10) UNSIGNED DEFAULT NULL,
  `credentialid` int(11) DEFAULT NULL
) ENGINE=InnoDB DEFAULT CHARSET=utf8 COLLATE=utf8_spanish_ci;

--
-- Volcado de datos para la tabla `course`
--

INSERT INTO `course` (`id`, `price`, `name`, `description`, `category`, `creationdate`, `modificationdate`, `imgname`, `subcategory`, `credentialid`) VALUES
(54, 0, 'Palabras Presidente CNMZA', '', 22, '2020-05-05 19:16:40', '2020-06-23 12:34:48', 'eba0aa99148622a2bfbc9d5950b1b688.png', 3, 1),
(55, 0, 'Conversaciones', 'Temas de Interes Notarial', 22, '2020-05-06 15:51:19', NULL, '890184b8764584d88afdcb0dc1e483d8.jpeg', 2, 1),
(62, 1, 'Procedimiento Sucesorio Local', 'Procedimiento Sucesorio Local', 22, '2020-05-07 19:11:01', '2020-06-19 19:45:13', '7feeabf7529d87f34551634c8175b3af.jpeg', 4, 1),
(63, 0, 'Temas de Interes', 'Ciclos Económicos y Decisiones Financieras', 27, '2020-07-13 18:42:26', '2020-07-13 23:19:23', '90f35d07e49254ca29c98728f2b3691e.jpeg', 12, 1);

-- --------------------------------------------------------

--
-- Estructura de tabla para la tabla `courseuser`
--

CREATE TABLE `courseuser` (
  `id` int(10) UNSIGNED NOT NULL,
  `idcourse` int(10) UNSIGNED NOT NULL,
  `iduser` int(10) UNSIGNED NOT NULL,
  `saledate` datetime DEFAULT NULL
) ENGINE=InnoDB DEFAULT CHARSET=utf8 COLLATE=utf8_spanish_ci;

--
-- Volcado de datos para la tabla `courseuser`
--

INSERT INTO `courseuser` (`id`, `idcourse`, `iduser`, `saledate`) VALUES
(1062, 54, 378, '2020-07-08 15:30:54'),
(1064, 54, 14, '2020-07-08 15:30:54'),
(1066, 54, 325, '2020-07-08 15:30:54'),
(1077, 55, 12, '2020-07-08 15:30:54'),
(1086, 54, 16, '2020-07-08 15:30:54'),
(1087, 55, 11, '2020-07-08 15:30:54'),
(1090, 55, 2, '2020-07-08 15:30:54'),
(1094, 55, 271, '2020-07-08 15:30:54'),
(1100, 55, 56, '2020-07-08 15:30:54'),
(1103, 54, 436, '2020-07-08 15:30:54'),
(1104, 55, 436, '2020-07-08 15:30:54'),
(1107, 55, 267, '2020-07-08 15:30:54'),
(1110, 55, 235, '2020-07-08 15:30:54'),
(1111, 54, 235, '2020-07-08 15:30:54'),
(1112, 55, 120, '2020-07-08 15:30:54'),
(1114, 54, 120, '2020-07-08 15:30:54'),
(1118, 55, 173, '2020-07-08 15:30:54'),
(1120, 55, 442, '2020-07-08 15:30:54'),
(1137, 62, 447, '2020-07-08 15:30:54'),
(1138, 62, 326, '2020-07-08 15:30:54'),
(1139, 62, 436, '2020-07-08 15:30:54'),
(1140, 62, 435, '2020-07-08 15:30:54'),
(1141, 62, 450, '2020-07-08 15:30:54'),
(1142, 62, 18, '2020-07-08 15:30:54'),
(1143, 62, 441, '2020-07-08 15:30:54'),
(1144, 62, 432, '2020-07-08 15:30:54'),
(1145, 62, 440, '2020-07-08 15:30:54'),
(1146, 62, 245, '2020-07-08 15:30:54'),
(1147, 62, 62, '2020-07-08 15:30:54'),
(1148, 62, 188, '2020-07-08 15:30:54'),
(1149, 62, 13, '2020-07-08 15:30:54'),
(1150, 62, 451, '2020-07-08 15:30:54'),
(1151, 62, 99, '2020-07-08 15:30:54'),
(1153, 62, 443, '2020-07-08 15:30:54'),
(1154, 62, 110, '2020-07-08 15:30:54'),
(1155, 62, 28, '2020-07-08 15:30:54'),
(1156, 62, 78, '2020-07-08 15:30:54'),
(1157, 62, 442, '2020-07-08 15:30:54'),
(1158, 62, 438, '2020-07-08 15:30:54'),
(1159, 62, 173, '2020-07-08 15:30:54'),
(1160, 62, 22, '2020-07-08 15:30:54'),
(1161, 62, 262, '2020-07-08 15:30:54'),
(1162, 62, 452, '2020-07-08 15:30:54'),
(1164, 62, 445, '2020-07-08 15:30:54'),
(1165, 62, 430, '2020-07-08 15:30:54'),
(1166, 62, 434, '2020-07-08 15:30:54'),
(1167, 62, 23, '2020-07-08 15:30:54'),
(1168, 62, 271, '2020-07-08 15:30:54'),
(1169, 62, 118, '2020-07-08 15:30:54'),
(1170, 62, 449, '2020-07-08 15:30:54'),
(1171, 62, 444, '2020-07-08 15:30:54'),
(1172, 62, 121, '2020-07-08 15:30:54'),
(1173, 62, 138, '2020-07-08 15:30:54'),
(1174, 62, 12, '2020-07-08 15:30:54'),
(1175, 54, 12, '2020-07-08 15:30:54'),
(1178, 55, 349, '2020-07-08 15:30:54'),
(1179, 55, 38, '2020-07-08 15:30:54'),
(1180, 54, 38, '2020-07-08 15:30:54'),
(1181, 55, 453, '2020-07-08 15:30:54'),
(1182, 55, 222, '2020-07-08 15:30:54'),
(1183, 62, 364, '2020-07-08 15:30:54'),
(1184, 55, 466, '2020-07-08 15:30:54'),
(1185, 62, 120, '2020-07-08 15:30:54'),
(1186, 62, 463, '2020-07-08 15:30:54'),
(1187, 62, 371, '2020-07-08 15:30:54'),
(1188, 62, 104, '2020-07-08 15:30:54'),
(1189, 62, 56, '2020-07-08 15:30:54'),
(1190, 62, 456, '2020-07-08 15:30:54'),
(1191, 62, 465, '2020-07-08 15:30:54'),
(1192, 62, 38, '2020-07-08 15:30:54'),
(1193, 62, 454, '2020-07-08 15:30:54'),
(1194, 62, 43, '2020-07-08 15:30:54'),
(1195, 62, 418, '2020-07-08 15:30:54'),
(1196, 62, 337, '2020-07-08 15:30:54'),
(1197, 62, 459, '2020-07-08 15:30:54'),
(1198, 62, 209, '2020-07-08 15:30:54'),
(1199, 55, 110, '2020-07-08 15:30:54'),
(1200, 55, 467, '2020-07-08 15:30:54'),
(1201, 55, 83, '2020-07-08 15:30:54'),
(1202, 54, 22, '2020-07-08 15:30:54'),
(1203, 55, 22, '2020-07-08 15:30:54'),
(1204, 55, 475, '2020-07-08 15:30:54'),
(1205, 54, 477, '2020-07-08 15:30:54'),
(1206, 55, 477, '2020-07-08 15:30:54'),
(1207, 55, 476, '2020-07-08 15:30:54'),
(1208, 62, 146, '2020-07-08 15:30:54'),
(1209, 62, 472, '2020-07-08 15:30:54'),
(1210, 54, 468, '2020-07-08 15:30:54'),
(1211, 55, 468, '2020-07-08 15:30:54'),
(1212, 54, 230, '2020-07-08 15:30:54'),
(1213, 55, 93, '2020-07-08 15:30:54'),
(1214, 55, 480, '2020-07-08 15:30:54'),
(1215, 55, 471, '2020-07-08 15:30:54'),
(1216, 54, 471, '2020-07-08 15:30:54'),
(1217, 62, 382, '2020-07-08 15:30:54'),
(1218, 62, 469, '2020-07-08 15:30:54'),
(1219, 62, 468, '2020-07-08 15:30:54'),
(1222, 62, 482, '2020-07-08 15:30:54'),
(1223, 55, 94, '2020-07-08 15:30:54'),
(1224, 55, 483, '2020-07-08 15:30:54'),
(1225, 62, 349, '2020-07-08 15:30:54'),
(1226, 62, 230, '2020-07-08 15:30:54'),
(1227, 62, 480, '2020-07-08 15:30:54'),
(1228, 62, 471, '2020-07-08 15:30:54'),
(1229, 55, 401, '2020-07-08 15:30:54'),
(1230, 54, 479, '2020-07-08 15:30:54'),
(1231, 55, 479, '2020-07-08 15:30:54'),
(1232, 55, 258, '2020-07-08 15:30:54'),
(1233, 55, 283, '2020-07-08 15:30:54'),
(1235, 62, 479, '2020-07-08 15:30:54'),
(1236, 62, 485, '2020-07-08 15:30:54'),
(1237, 62, 424, '2020-07-08 15:30:54'),
(1238, 54, 258, '2020-07-08 15:30:54'),
(1239, 55, 418, '2020-07-08 15:30:54'),
(1241, 55, 445, '2020-07-08 15:30:54'),
(1242, 55, 65, '2020-07-08 15:30:54'),
(1243, 55, 449, '2020-07-08 15:30:54'),
(1244, 54, 487, '2020-07-08 15:30:54'),
(1245, 55, 487, '2020-07-08 15:30:54'),
(1246, 55, 179, '2020-07-08 15:30:54'),
(1247, 62, 462, '2020-07-08 15:30:54'),
(1248, 55, 286, '2020-07-08 15:30:54'),
(1249, 62, 464, '2020-07-08 15:30:54'),
(1250, 62, 481, '2020-07-08 15:30:54'),
(1251, 62, 483, '2020-07-08 15:30:54'),
(1252, 62, 219, '2020-07-08 15:30:54'),
(1253, 62, 489, '2020-07-08 15:30:54'),
(1254, 62, 478, '2020-07-08 15:30:54'),
(1255, 62, 457, '2020-07-08 15:30:54'),
(1256, 62, 466, '2020-07-08 15:30:54'),
(1257, 62, 467, '2020-07-08 15:30:54'),
(1258, 62, 474, '2020-07-08 15:30:54'),
(1259, 62, 477, '2020-07-08 15:30:54'),
(1260, 62, 476, '2020-07-08 15:30:54'),
(1261, 62, 484, '2020-07-08 15:30:54'),
(1262, 62, 490, '2020-07-08 15:30:54'),
(1263, 62, 461, '2020-07-08 15:30:54'),
(1264, 62, 491, '2020-07-08 15:30:54'),
(1265, 55, 220, '2020-07-08 15:30:54'),
(1266, 62, 220, '2020-07-08 15:30:54'),
(1268, 54, 488, '2020-07-08 15:30:54'),
(1269, 55, 488, '2020-07-08 15:30:54'),
(1270, 55, 493, '2020-07-08 15:30:54'),
(1271, 62, 486, '2020-07-08 15:30:54'),
(1272, 55, 211, '2020-07-08 15:30:54'),
(1273, 62, 492, '2020-07-08 15:30:54'),
(1274, 55, 24, '2020-07-08 15:30:54'),
(1275, 62, 488, '2020-07-08 15:30:54'),
(1276, 62, 286, '2020-07-08 15:30:54'),
(1277, 62, 453, '2020-07-08 15:30:54'),
(1278, 54, 224, '2020-07-08 15:30:54'),
(1279, 55, 224, '2020-07-08 15:30:54'),
(1280, 62, 224, '2020-07-08 15:30:54'),
(1282, 55, 46, '2020-07-08 15:30:54'),
(1283, 55, 337, '2020-07-08 15:30:54'),
(1284, 55, 107, '2020-07-08 15:30:54'),
(1285, 62, 158, '2020-07-08 15:30:54'),
(1302, 55, 153, '2020-07-08 15:30:54'),
(1303, 55, 378, '2020-07-08 15:30:54'),
(1304, 55, 498, '2020-07-08 15:30:54'),
(1305, 54, 498, '2020-07-08 15:30:54'),
(1306, 62, 498, '2020-07-08 15:30:54'),
(1307, 55, 151, '2020-07-08 15:30:54'),
(1312, 55, 422, '2020-07-08 15:30:54'),
(1317, 55, 275, '2020-07-08 15:30:54'),
(1319, 62, 458, '2020-07-08 15:30:54'),
(1324, 55, 497, '2020-07-08 15:30:54'),
(1326, 62, 497, '2020-07-08 15:30:54'),
(1327, 55, 458, '2020-07-08 15:30:54'),
(1328, 55, 431, '2020-07-08 15:30:54'),
(1330, 55, 335, '2020-07-08 15:30:54'),
(1339, 54, 2, '2020-07-08 15:30:54'),
(1341, 63, 12, '2020-07-08 15:30:54'),
(1342, 63, 498, '2020-07-08 15:30:54'),
(1343, 63, 504, '2020-07-08 15:30:54'),
(1344, 55, 325, '2020-07-08 15:30:54'),
(1345, 63, 325, '2020-07-08 15:30:54'),
(1346, 63, 505, '2020-07-08 15:30:54'),
(1352, 63, 489, '2020-07-08 15:30:54'),
(1353, 63, 2, '2020-07-15 20:46:14'),
(1354, 55, 421, '2020-07-15 22:41:33'),
(1355, 63, 121, '2020-07-16 07:53:24'),
(1356, 55, 228, '2020-07-16 11:45:56');

-- --------------------------------------------------------

--
-- Estructura de tabla para la tabla `credentials`
--

CREATE TABLE `credentials` (
  `id` int(11) NOT NULL,
  `credential` varchar(100) COLLATE utf8_spanish_ci NOT NULL,
  `name` varchar(30) COLLATE utf8_spanish_ci NOT NULL,
  `modificationdate` datetime DEFAULT NULL
) ENGINE=InnoDB DEFAULT CHARSET=utf8 COLLATE=utf8_spanish_ci;

--
-- Volcado de datos para la tabla `credentials`
--

INSERT INTO `credentials` (`id`, `credential`, `name`, `modificationdate`) VALUES
(1, 'APP_USR-6505967170334573-060821-6687cfe9569aa0fb4f45ca50c4a00ee2-50246203', 'Marcelo', '2020-07-17 20:49:51');

-- --------------------------------------------------------

--
-- Estructura de tabla para la tabla `files`
--

CREATE TABLE `files` (
  `id` int(10) UNSIGNED NOT NULL,
  `idvideo` int(10) UNSIGNED NOT NULL,
  `name` varchar(100) COLLATE utf8_spanish_ci NOT NULL,
  `uploaddate` datetime NOT NULL,
  `idcourse` int(10) UNSIGNED NOT NULL,
  `filename` varchar(100) COLLATE utf8_spanish_ci NOT NULL
) ENGINE=InnoDB DEFAULT CHARSET=utf8 COLLATE=utf8_spanish_ci;

--
-- Volcado de datos para la tabla `files`
--

INSERT INTO `files` (`id`, `idvideo`, `name`, `uploaddate`, `idcourse`, `filename`) VALUES
(9, 32, 'Programa.pdf', '2020-05-07 19:12:38', 62, '84d644741cf7af7e36247d93111365cf.pdf'),
(10, 33, 'Programa.pdf', '2020-05-08 00:34:17', 62, '34016248860bce62bf5a358952dfc7cd.pdf'),
(12, 33, 'El Proceso Sucesorio en el codigo procesal civil.jpeg', '2020-05-18 11:05:18', 62, '945ea63702e17c3aabf1e328cc0aab08.jpeg'),
(13, 37, 'RECURSOS ADICIONALES Ciclos Economicos y Desiciones Financieras.pdf', '2020-07-13 19:20:06', 63, '2d18516bd6d0b517f21a6b8f2f604fa4.pdf');

-- --------------------------------------------------------

--
-- Estructura de tabla para la tabla `profesion`
--

CREATE TABLE `profesion` (
  `id` int(10) UNSIGNED NOT NULL,
  `nombre` varchar(50) COLLATE utf8_spanish_ci NOT NULL
) ENGINE=InnoDB DEFAULT CHARSET=utf8 COLLATE=utf8_spanish_ci;

--
-- Volcado de datos para la tabla `profesion`
--

INSERT INTO `profesion` (`id`, `nombre`) VALUES
(1, 'Estudiante de Derecho'),
(2, 'Abogado'),
(3, 'Escribano'),
(4, 'Escribano Novel'),
(5, 'Otros');

-- --------------------------------------------------------

--
-- Estructura de tabla para la tabla `recover`
--

CREATE TABLE `recover` (
  `id_recover` int(10) UNSIGNED NOT NULL,
  `idusr` int(10) UNSIGNED NOT NULL,
  `password_request` tinyint(10) NOT NULL DEFAULT '0',
  `token_password` varchar(100) COLLATE utf8_spanish_ci DEFAULT NULL,
  `last_modification` datetime DEFAULT NULL
) ENGINE=InnoDB DEFAULT CHARSET=utf8 COLLATE=utf8_spanish_ci;

--
-- Volcado de datos para la tabla `recover`
--

INSERT INTO `recover` (`id_recover`, `idusr`, `password_request`, `token_password`, `last_modification`) VALUES
(9, 2, 0, 'aa82bb97897ba231c4db4788a407f6b6', '2020-05-09 18:04:13'),
(10, 32, 1, 'b0015d892010c0718df4e8fc53d9f926', '2020-04-07 23:03:20'),
(11, 100, 1, '1188089f731359927454393551d5504c', '2020-04-08 11:35:35'),
(12, 110, 0, 'd1f7174e1c21808f0fa8057dd7f215bd', '2020-04-08 12:50:51'),
(13, 135, 0, '8e70b210abdab4187dc13bd65cdc8875', '2020-04-08 14:39:54'),
(14, 15, 0, 'd61073fc5127dbebba7c8fcc3f674a69', '2020-05-10 13:50:31'),
(15, 72, 0, '16b89260919f5b68c7f7b3e27d745a11', '2020-04-08 20:32:40'),
(16, 175, 1, '16fa8e0cae6b681c2fa30584ad6bff18', '2020-04-08 18:33:40'),
(17, 195, 1, 'd4194372010a3fd03dd7db07b2e4f0db', '2020-04-08 19:03:46'),
(18, 138, 1, '971fac45bf71659b163f0472a418d4b7', '2020-04-08 19:56:57'),
(19, 203, 1, '5b37d1fe0f886c730f87883c83bb3cee', '2020-04-08 19:14:28'),
(20, 179, 0, 'fa6c5995a6c91eead016fe85c37504ba', '2020-05-06 13:22:39'),
(21, 266, 1, 'd20d7806b2dd9771efbc395de959072b', '2020-04-09 08:44:55'),
(22, 280, 1, 'f9d95b0019851d3707d87ec33492e115', '2020-04-09 11:38:53'),
(23, 289, 0, 'd5d2382fbbe37ea7ad7eb43c6efcb8bb', '2020-04-09 13:26:58'),
(24, 294, 1, '3511a83c35f43745f740dd9f7ba42a5d', '2020-04-09 15:01:42'),
(25, 313, 0, '64ec5b6318e3865d9bce69fee1573d55', '2020-04-10 10:01:47'),
(26, 25, 0, 'ecca38c75ef98d6566e11a8634208198', '2020-04-11 10:20:45'),
(27, 332, 0, '8aeb5f0b5ca4ad168ae779a919dd7dc5', '2020-04-13 13:43:43'),
(28, 267, 0, 'cd95f73a4ccf5d2aee877cc76735a7ec', '2020-04-13 17:34:44'),
(29, 24, 1, '75adf1110348138a20a7e376577b768b', '2020-04-14 21:37:48'),
(30, 12, 0, 'f5d7b221c42e2d780c20787556727fda', '2020-04-15 18:01:37'),
(31, 11, 1, '8da13413574f737beabd12d55a80cd5f', '2020-05-07 11:08:21'),
(32, 283, 0, 'f5035ed5465c1e99bf9e64c3c4640c6b', '2020-04-16 17:01:12'),
(33, 157, 0, '7294e3c1dbe2892625bf0bd8e67660b5', '2020-04-17 16:51:29'),
(34, 368, 0, '77829c86426c6f49640265b065334c1d', '2020-04-18 01:27:37'),
(35, 366, 1, '75ac9821070d9760176a4fbe6e87d7c3', '2020-04-20 09:22:35'),
(36, 258, 1, 'a9c64c3931b3394656c86cfc29ec6ebd', '2020-04-23 23:14:57'),
(37, 384, 1, 'c28ab0c31a32a0ec7c4f45a646c44c1a', '2020-04-22 19:01:09'),
(38, 382, 0, 'ec04e53e78d9083e17e7caeb2b1812ab', '2020-05-09 16:14:44'),
(40, 16, 1, '69e6b338ffbb970c22bb6d83239c5851', '2020-04-24 20:31:49'),
(41, 394, 1, '7d5d0f88373e219c1d8ee63bee3f808d', '2020-04-25 01:15:39'),
(42, 395, 1, 'a6380da68f2a48462805ba7609c679ed', '2020-04-25 02:22:54'),
(43, 220, 1, '9de4a03ff6b802c175fd9a97563a5a3d', '2020-04-25 12:05:32'),
(44, 398, 1, '234501477e7d5f0601d9baa8f8a7e38e', '2020-04-25 15:34:18'),
(46, 400, 1, '2bd269a141626a0da36017a8fdd1fd67', '2020-04-25 16:30:29'),
(47, 393, 1, '055349206e912d3abe8212ee3963e801', '2020-04-26 10:51:03'),
(48, 406, 1, '714eb4f272184314cfd162e65f4d1dad', '2020-04-26 20:04:55'),
(49, 403, 1, 'e4216a896cd554a9d4cb9e0042adfa4b', '2020-04-26 18:19:26'),
(50, 210, 1, 'acc2b0a6c2ade51503498b94f77e85b9', '2020-04-27 10:44:10'),
(51, 35, 1, '0f6f395d9ef5285fa49314eeb6757b9a', '2020-04-29 17:20:40'),
(53, 421, 0, '729b4de77f3e1395c7e58c416e3d0bfc', '2020-07-15 22:38:09'),
(54, 422, 0, 'c1f4b639d968b44c5cbfd4449c973bc3', '2020-05-06 09:53:51'),
(55, 420, 1, '81d8b3cc10f7a895cfb37635ee79ae2a', '2020-05-06 13:20:54'),
(56, 286, 0, 'd26eaf635a97bd526cf826e91010f6b0', '2020-05-13 11:52:32'),
(57, 235, 0, '34c286dc272b3f822bac9798ad73338a', '2020-05-07 16:31:50'),
(58, 173, 0, '76449c6c6097502d7c41f0970f4862f6', '2020-05-07 16:56:03'),
(59, 443, 1, '7bba904c6a44630d0f97c3c5798947a4', '2020-05-07 17:12:20'),
(60, 359, 1, 'edf51485deef3fa77197a1d1d8460e0d', '2020-05-08 09:00:57'),
(61, 104, 1, '0db63f9e50032d3e1dfdc9a59340a2ce', '2020-05-08 11:19:29'),
(62, 251, 0, 'c78cf9f8773947fc36b6125d29463107', '2020-05-08 13:17:32'),
(63, 468, 0, '2fe6be4d5ba44a880b675e9e23887f5e', '2020-05-08 15:20:21'),
(64, 471, 0, '3f4854c47716816a6186f04a1712c9b2', '2020-05-08 18:13:37'),
(65, 485, 1, '7e63aa308e13c2095330e658574b078f', '2020-05-09 01:51:23'),
(66, 28, 0, '74ebe36364dd6fd2d4564c219a3331d6', '2020-05-12 16:06:18'),
(67, 211, 0, '33fe99ccebaa83ec9b573bf79ae5442b', '2020-05-11 20:06:56'),
(68, 495, 0, '2a897a5d56aa30deba238b312cf0f919', '2020-05-12 22:51:55'),
(69, 99, 0, 'fca9a2ca2dcf06c3d1a9477aa3669227', '2020-05-13 12:56:39'),
(70, 440, 0, 'f497f8cc64e8ee7b6e66a332524bde66', '2020-05-13 19:15:40'),
(71, 209, 0, '0d6d4cb220e54e01085a6da3d7f6c4f9', '2020-07-01 23:36:12'),
(72, 371, 1, '232225c5aabf80fc6ac0fe712d9939e8', '2020-05-14 10:32:36'),
(73, 498, 0, '17b9a03d2f8b36a7163285b7ee2edc89', '2020-05-28 20:33:31'),
(74, 458, 0, '8a156981b0b4af3fd1feadbdee71d625', '2020-06-03 19:04:14'),
(75, 486, 0, '32777d66eb8720d4c2f6cd82b33c255c', '2020-06-03 18:56:49'),
(76, 275, 0, '761f35d98fc6cc111972de2e138ff761', '2020-06-09 10:46:59'),
(77, 62, 1, '761629d937ff79d0bfc0ba570237d968', '2020-06-14 12:30:46'),
(78, 115, 1, '9ec1f235bcc4dfb44456a075626bae16', '2020-06-27 13:23:03'),
(79, 484, 0, '24762c37b8dd813318cd98f4312c91e4', '2020-07-04 11:28:22');

-- --------------------------------------------------------

--
-- Estructura de tabla para la tabla `subcategories`
--

CREATE TABLE `subcategories` (
  `id` int(10) UNSIGNED NOT NULL,
  `name` varchar(50) COLLATE utf8_spanish_ci NOT NULL,
  `idcategory` int(10) UNSIGNED NOT NULL
) ENGINE=InnoDB DEFAULT CHARSET=utf8 COLLATE=utf8_spanish_ci;

--
-- Volcado de datos para la tabla `subcategories`
--

INSERT INTO `subcategories` (`id`, `name`, `idcategory`) VALUES
(2, 'Conversaciones', 22),
(3, 'Palabras Presidente CNMZA', 22),
(4, 'Procedimiento Sucesorio Local', 22),
(12, 'Ciclos Económicos y Decisiones Financieras', 27);

-- --------------------------------------------------------

--
-- Estructura de tabla para la tabla `themes`
--

CREATE TABLE `themes` (
  `id` int(10) UNSIGNED NOT NULL,
  `idcourse` int(10) UNSIGNED NOT NULL,
  `name` varchar(30) COLLATE utf8_spanish_ci NOT NULL,
  `description` varchar(500) COLLATE utf8_spanish_ci DEFAULT NULL
) ENGINE=InnoDB DEFAULT CHARSET=utf8 COLLATE=utf8_spanish_ci;

--
-- Volcado de datos para la tabla `themes`
--

INSERT INTO `themes` (`id`, `idcourse`, `name`, `description`) VALUES
(15, 54, 'Conversaciones', NULL),
(18, 55, 'Fideicomiso', NULL),
(20, 55, 'Conversaciones', NULL),
(29, 62, 'Procedimiento Sucesorio Local', NULL),
(31, 63, 'Ciclos Económicos y Decisiones', NULL);

-- --------------------------------------------------------

--
-- Estructura de tabla para la tabla `users`
--

CREATE TABLE `users` (
  `id` int(10) UNSIGNED NOT NULL,
  `rol` int(11) DEFAULT '1',
  `name` varchar(30) COLLATE utf8_spanish_ci DEFAULT NULL,
  `lastname` varchar(30) COLLATE utf8_spanish_ci DEFAULT NULL,
  `idprofesion` int(10) UNSIGNED NOT NULL,
  `dni` varchar(11) COLLATE utf8_spanish_ci DEFAULT NULL,
  `active` tinyint(4) DEFAULT '0',
  `password` varchar(100) COLLATE utf8_spanish_ci NOT NULL,
  `username` varchar(50) COLLATE utf8_spanish_ci NOT NULL,
  `creation_date` datetime NOT NULL,
  `date_birth` date DEFAULT NULL,
  `token` varchar(100) COLLATE utf8_spanish_ci NOT NULL
) ENGINE=InnoDB DEFAULT CHARSET=utf8 COLLATE=utf8_spanish_ci;

--
-- Volcado de datos para la tabla `users`
--

INSERT INTO `users` (`id`, `rol`, `name`, `lastname`, `idprofesion`, `dni`, `active`, `password`, `username`, `creation_date`, `date_birth`, `token`) VALUES
(2, 0, 'Bruno', 'Di Giorgio', 1, '33443123', 1, '8bb0cf6eb9b17d0f7d22b456f121257dc1254e1f01665370476383ea776df414', 'brunobocalomejor@gmail.com', '2020-03-14 13:16:31', '2020-03-04', '517c3ffaa85c03ecd9dc67fc4603fc70'),
(9, 1, 'Eliana Mariela', 'Aghetoni', 4, '22726684', 1, 'afdbed693ed21402d7306b90b61ece63b3d620ce210e6b376f38e35843c62593', 'escribaniaaghetoni@gmail.com', '2020-04-07 14:15:55', '1972-12-07', '1a9c2ab00c18a7a5c6189d0e1c9aa197'),
(11, 0, 'Lautaro', 'Zarandon', 1, '40370180', 1, '15e2b0d3c33891ebb0f1ef609ec419420c20e320ce94c65fbc8c3312448eb225', 'zarandonlautaro@gmail.com', '2020-04-07 14:33:45', '1997-04-03', '446c80c19e48e186ef15f829ea879d2c'),
(12, 0, 'Marcelo', 'Mercado', 5, '25291194', 1, '1a2e5f5760db27abaf4d91d654c02e18868b2cf8b45946e487d0e397c95663f2', 'marcelomercado@gmail.com', '2020-04-07 14:44:36', '1969-12-31', '5d83dd729cfdbab7dcdeafff6392d2ed'),
(13, 1, 'Camila', 'Navarro', 4, '37623564', 1, '22dcd6b92ba823285305c4b806ee50e66152a2b8abe3fc8a0c92cb06e7234a72', 'caminavarro1994@gmail.com', '2020-04-07 16:25:03', '1994-01-08', '2de40e5ced79c63e4e6f56f13b614eae'),
(14, 1, 'juan carlos', 'caballero', 3, '27861493', 1, '8a051354f0db084dbd40de397d6ee3c4f5b64e54be120824c50aa8b636720fd9', 'carlos_caballero_9@hotmail.com', '2020-04-07 17:14:23', '1980-01-05', 'e2b538453960441dfa342d20faa31342'),
(15, 1, 'Laura', 'Rozas', 3, '21800542', 1, '6f2d675aa0d09d09dbcdb1f0a6304acf5296175f2b8b270c8f23d4b175904a71', 'laurarozas@speedy.com.ar', '2020-04-07 18:33:10', '1970-09-27', '13b6f0cbd4d37b2396954a5526a6c317'),
(16, 1, 'silvestre', 'peña y lillo', 3, '18287707', 1, '7ae09d6780b2272604309f166f6206ef35a4e65aadf3519b4348d56522795a72', 'pylsilver@gmail.com', '2020-04-07 18:46:46', '1966-09-12', '8e3f5c6b424007f757f8009337d1bc51'),
(17, 1, 'Alicia', 'Ferreyra', 4, '29114670', 1, 'c84b9ba886b41ae871e2bc063f77fd2aef4cca67b91ce2435c0494cae935cb45', 'aliciaferreyra1903@gmail.com', '2020-04-07 21:07:54', '1982-03-19', '5aab82d2b6e0c7cb276a033bb5e69761'),
(18, 1, 'Victoria', 'Rubio Icart', 4, '19033390', 1, 'b13491fb881c43ddbaae3e629beaefd4da133f6321b21d673b0b669206a90994', 'victoriarubioicart@gmail.com', '2020-04-07 21:09:23', '1986-07-27', '17faf2a63e84c9dcc5ea698060752162'),
(19, 1, 'Jesica Victoria', 'Cuenca Sabio', 3, '29326931', 1, '8f2a0215f741a263b4388571cf8f96ef2072b641306ea1d5ada31534a581b546', 'jesicacs@hotmail.com', '2020-04-07 21:10:39', '1982-04-04', '13a4c00f5175cdad18e01b328186e9c8'),
(20, 1, 'Maria Inés', 'Masneri', 3, '30700848', 1, '6d2b02804828dfb5eebc498311a624e705de8dccb46b33e7c0f327869eaaf2bd', 'inesmasneri@yahoo.com.ar', '2020-04-07 21:19:19', '1984-03-10', 'f080522d57abd0b28abf6a7971ba9132'),
(21, 1, 'Valeria', 'Calabrese', 4, '33051065', 1, 'd90252b1b4d2ed5c3de2ee4725375813207fd5a458eae7c30562a7db52f1a0bb', 'valeria@escribanacalabrese.com.ar', '2020-04-07 21:19:38', '1987-01-29', 'bcdba4fe2e7125e3868861455055f2fb'),
(22, 1, 'Augusto', 'Giol', 3, '33968111', 1, '214aad9ee3cd446f764e11f9a40af0e12cc81073e53262706e8c9e76ec76237c', 'augusto@escribaniagiol.com.ar', '2020-04-07 21:22:31', '1988-06-17', '8d47cb5c71b3b10446ce3c72b1a45a61'),
(23, 1, 'María Belén', 'Sava', 4, '28893477', 1, 'b7285733188defde1d576316a8b2fbc9d56727bbd17a43095b8510e616d77cf0', 'mbsava@gmail.com', '2020-04-07 21:29:14', '1982-02-02', 'b43c168029c5b347a68c7fa9f706e231'),
(24, 1, 'Belén', 'Valente', 3, '28787110', 1, '15e2b0d3c33891ebb0f1ef609ec419420c20e320ce94c65fbc8c3312448eb225', 'estudionotarial.valente@gmail.com', '2020-04-07 21:35:40', '1981-12-04', '29d64bc1bf9ee96ec20678e9a6a27e54'),
(25, 1, 'Facundo', 'Serra', 3, '29112713', 1, '9e9500f2936b850c2a4b8eaf3efcc2b8ab9326c28d7cc9d5c8babdd62d3cd366', 'facundoserrag@gmail.com', '2020-04-07 21:36:44', '1981-11-10', '6aaf8c7155e02b19af2e251efabbc6d7'),
(26, 1, 'PAULA', 'BATIZ BORIS', 4, '33821791', 1, 'fe296f04d7f51467ccce293bec517a33f9d5b523541ae986176a1a920027ac58', 'escribanabatiz@gmail.com', '2020-04-07 21:40:47', '1988-06-18', 'e2945a2e647b5bfaa15d7cf3f392f225'),
(27, 1, 'Andrea Mabel', 'Perez', 3, '34447253', 1, '99816c9856af0561255f47d6a9e6c9cfdf1ee5748a51583c482a96a3ebf01592', 'escribanaperezandrea@gmail.com', '2020-04-07 21:42:35', '1989-05-17', 'd5f62dde9b0199f2cbe9d6b94c69b93b'),
(28, 1, 'María Agustina', 'Guerrero', 3, '36859353', 1, 'c72d5a654b5a131f50acf6917830eaf6cd2bd364001280d106eea08335ef05b8', 'agustinaguerrero.m@gmail.com', '2020-04-07 21:43:08', '1991-07-11', 'ade4b56a369e1555ad1a2a3e5f1c9074'),
(29, 1, 'Paula Ximena', 'Zarroca', 4, '35515353', 1, '819958fb6feedee212525abd85dcf1db2751037056fb7a5de4597a37518469aa', 'ximenazarroca@gmail.com', '2020-04-07 21:43:49', '1990-01-11', 'da74e1f8f69ae061c3d8123b7f7f0348'),
(30, 1, 'Analia Bibiana', 'Ruiz', 4, '33903901', 1, '4f9c37b69d8ca440fa67bef3d3e3fca1057033622f408b9307313738340cbdfd', 'analiabibianaruiz@gmail.com', '2020-04-07 21:44:34', '1988-11-07', 'fff3ad71e760c3500b574cc395bc4421'),
(31, 1, 'Macarena', 'Riera', 3, '31288447', 1, '27c44b892233468516c1874734b1bb9a9cd6c7bc975efc4c4db267e735372178', 'macariera@gmail.com', '2020-04-07 21:48:29', '1985-09-01', 'c65480e53984e98f37322a77be320c3a'),
(32, 1, 'Luisina', 'Igarreta', 4, '36648537', 1, '7ee56810cb2fe34dab37bb53a44be9cf2e159aba9b96aee411a93538bf724cd5', 'igarretaluisina@gmail.com', '2020-04-07 21:49:01', '1992-06-11', '3dcfbe68fd85f28a7cbfc14941fd8bbe'),
(33, 1, 'Valeria', 'Croce', 3, '29617876', 1, '30929eef2759fac0e795b777bd9f1626f5a9240829f4730d004a435fa447ec7e', 'valeriacro@hotmail.com', '2020-04-07 21:49:07', '1982-09-23', '3ef31f27b78e07cba7ae4b4861e8fba4'),
(34, 1, 'Carla Mabel', 'Toro Pollicino', 3, '33821808', 1, '1f74716fab651364b1a71695dcdf90324d8968bac50b21f2d08eca8104702a11', 'mabeltp@yahoo.com.ar', '2020-04-07 21:50:29', '1988-06-28', 'f75fc0c78c9e4866194aa76c099976a6'),
(35, 1, 'Gabriela', 'Terroba', 3, '27892347', 1, '3ef1859106e938a05a4c3b7d62e1bad2bb69e5637a62d1e7c25769c53d0a41b6', 'gabrielaterroba@hotmail.com', '2020-04-07 21:52:18', '1980-04-01', 'b227aafdd3a6044a25ca98f0f164fd22'),
(36, 1, 'Juan Manuel', 'Fuego', 3, '24245711', 1, '9cc268349c301f8bbb8d3cc8b865e308472d1a7c86c71fe4388f290d593e1c9d', 'juanmanuelfuego@gmail.com', '2020-04-07 21:53:06', '1974-09-16', 'a2d45e911416cae6bfcb55ba782f010d'),
(37, 1, 'Melisa', 'Bozzo', 4, '35197369', 1, '99a26b93afa30329218b0649b2086902cd225eb21d90e041cac560db58147ef8', 'melisabozzo@gmail.com', '2020-04-07 21:54:13', '1990-05-10', '9493f3a66320339da49604fd43d8e5ff'),
(38, 1, 'Vanina', 'Pizarro', 4, '31618980', 1, 'f012624b52b16950469d9d45736dea4b12e7b7daa94507575d5ca5df7631f6e9', 'vannipizarro@gmail.com', '2020-04-07 21:57:19', '1985-07-08', 'af16f75b78f993dabcd2858daf53c98e'),
(39, 1, 'Silvana', 'Abbate', 3, '32352290', 1, '0e5412a3bbce93db05a2a553cdbeef302fd9da8bffa3c684c21f7c9d481d9235', 'escribana_abbate@hotmail.com', '2020-04-07 22:06:03', '1986-11-16', '7a8803ad7b68dd61961a8548cf9cd2ce'),
(40, 1, 'Lucia', 'Coria', 4, '36417347', 1, '2f7c16f98616974a82d978d9eecbc3b015351d225c4098d2c3dabcd0a773e789', 'escribanacoria@hotmail.com', '2020-04-07 22:07:11', '1991-11-20', 'edbf8aeb5127d9ded5ee2893182aabb4'),
(41, 1, 'Juan cruz', 'Quesada', 4, '34747022', 1, 'e1a3b9db2df1fe990cb657578ac5cf21a5e1c72f2fd404e470cfa62746648aa0', 'jcq223@hotmail.com', '2020-04-07 22:14:03', '1989-12-09', 'e2b77f867b9b78900b7b65ec7672eb9d'),
(42, 1, 'Jessica', 'Linna', 3, '35052916', 1, 'cf258ba5edd7a709bdbe5a2597d48a855fc67945070c20fae90afdc62c122755', 'escribanajessicalinna@gmail.com', '2020-04-07 22:19:05', '1990-06-05', '27f39b4e2e8d0453a6000d3957cf246e'),
(43, 1, 'Jimena', 'bertona', 3, '36591676', 1, '2b0f4e528d1b195fbf5989c91823372fba65a832931c9e40ef3a15126a7c3cd3', 'sanchezbertonajimena@gmail.com', '2020-04-07 22:19:59', '1992-06-04', '6607c413f177799beb9a97f83cd6923d'),
(44, 1, 'MARIA BRUNELA', 'MORTALONI', 4, '35662213', 1, '74370b0f2551a5e6ce2c07400c4555da0f8418f2e6996b7b3e41e46b91f2be98', 'escribanabrunelamortaloni@hotmail.com', '2020-04-07 22:29:58', '1990-09-06', '2e2cae4d04bdf3c8198d58fb2f9b6e48'),
(45, 1, 'Maria Evangelina', 'Suizer', 3, '25319685', 1, '73a7e7c6204b8e00c1380154bb2e1552713626d1b3988fff04b8b9caf0a39109', 'machisuizer@yahoo.com.ar', '2020-04-07 22:37:36', '1976-06-24', 'b22688ab6512e7e6e1f45605fc42fffd'),
(46, 1, 'Karen', 'Puebla', 4, '37091416', 1, '4a143c1ffdc5166cdb306372fb01c83ba4b67508f1efb6a98fedc9c026d66221', 'karenpuebla@hotmail.com', '2020-04-07 22:46:58', '1992-12-29', 'e41edcb848bdf25d60309f664529d4a5'),
(47, 1, 'Veronica', 'Calle', 3, '231737777', 1, '472192c983eeb1fcadab69a6a767b2ceeb96f8d22cc852f4297f6cab8ef881b4', 'mveronicacalle@yahoo.com.ar', '2020-04-07 22:54:13', '1973-05-23', 'ad528084f5e64d4344a1743e606cb08b'),
(48, 1, 'Romina Paola', 'Gallano Alarcon', 4, '34063370', 1, 'a7f469b2b2fd35363c20353f5294fb1eda8d0faf2a5563b2e8577a3f4e4f0cf6', 'escribanarominagallano@gmail.com', '2020-04-07 22:54:14', '1988-11-27', '237577d8828bb7a984c8605126fad22a'),
(49, 1, 'María Alejandra', 'Nacchio', 3, '25584412', 1, '9dfb7fbb2031c51ab983bf041282eb4f760e362b28a5845e1a21c88f20f470bd', 'alenacchio@hotmail.com', '2020-04-07 22:54:18', '1976-09-11', '97fd3414e719c334ac17dc9d016afed4'),
(50, 1, 'Miriam', 'Correa', 3, '27347471', 1, '43ebc1e40f52566b712e8fede42f812e070bd1dc713e167428a0840bb71357d4', 'esc_correa@hotmail.cim', '2020-04-07 22:55:34', '1972-05-20', 'b75bc15eca67d82879f268a6f0c1766d'),
(52, 1, 'Magdalena', 'Sarmiento', 4, '37270898', 1, 'db01817445cff152194f6abe232fd2a61860694204120387bc1e7905b27df78d', 'sarmientogmagdalena@gmail.com', '2020-04-07 22:59:36', '1993-05-08', '628948cc88753787a83110db7ac04d06'),
(53, 1, 'Gisella martina', 'Palacios', 4, '33576950', 1, '7d64236dfca0a90db1f6891779682501b7bd25d8f05cee66cf8482c2de696fe9', 'escribanapalacios@hotmail.com', '2020-04-07 23:00:11', '1988-04-12', '8cf4ae97b87bea46364ba0daf7a809c0'),
(54, 1, 'Ana Belén', 'Remuiñan Leiva', 3, '35512135', 1, 'f0254ae1eb2ba87c8e5dc95676e7bd6ad10bc04753cf956488cb30f6e2ec1430', 'anabelenremuinan@gmail.com', '2020-04-07 23:00:13', '1990-11-14', 'a3bf97055fa4412c7c3739bc4366bd6c'),
(55, 1, 'Miriam', 'Correa', 3, '27347471', 1, '43ebc1e40f52566b712e8fede42f812e070bd1dc713e167428a0840bb71357d4', 'esc_correa@hotmail.com', '2020-04-07 23:01:26', '1972-05-20', 'd0accf64e4044df522fbefd2df3df440'),
(56, 1, 'Mercedes', 'Vargas', 3, '36030429', 1, '11ce4f8ece2f83a69539790f7210d3d1a8e015677c444f90457b8e1a55d88777', 'merce.vargas@hotmail.com', '2020-04-07 23:07:54', '1991-09-25', 'af3a548bed78430338a0c87b4a537f69'),
(57, 1, 'Veronica Andrea', 'Brugiavini', 3, '20112057', 1, '3321a60784192bd0bb8123401aa991b0454d6ce1294dad76893a07184a392401', 'vabrugiavini@gmail.com', '2020-04-07 23:12:43', '1968-01-31', 'fdb99ed14649cf8eddaf291b18dfcf1d'),
(58, 1, 'María del Rosario', 'Espínola', 3, '36859925', 1, '23a664c6b6a352e38a2597a6f519b23ab36303ba3d3c1cb1873a7997d3a7b508', 'mariaespinolaaa@gmail.com', '2020-04-07 23:13:52', '1992-10-27', '9a2303d6ab997abe2cba1dfa30833f47'),
(59, 1, 'María Florencia', 'Lunello', 3, '38756706', 1, '428f09c37332e970bd819095222ffc6db9388171e37e384f12a7a1dfd1acad3f', 'florlunello@hotmail.com', '2020-04-07 23:16:55', '1995-09-01', '94aaf0380969d61ee5053b7811af322a'),
(60, 1, 'Natalia', 'Bogoni', 3, '31466329', 1, '7e1004d5bd7fd0180006db2ff7e2706e051f6209547ca3e305c02131669e38d8', 'nataliabogoni@gmail.com', '2020-04-07 23:22:33', '1985-04-29', '95804ff6f64d15bcf800d0f13d1c43a5'),
(61, 1, 'Marisa', 'Allia', 3, '23901463', 1, 'bdee78db7bc6f92744f785815758be7c6060a0e3d38cb498a7aa0d1c99c65351', 'marisaallia@yahoo.com.ar', '2020-04-07 23:27:40', '1974-07-09', '135760d3a3b3c0a95e7c1fea75e4dad5'),
(62, 1, 'Maria Nazarena', 'Suarez', 3, '24035364', 1, '8731a4598cca8d28a7474f2f00a928deefc12068f0d5e8f07df2b6fa30a9ea4a', 'marianazarenasuarez@gmail.com', '2020-04-07 23:29:42', '1974-07-29', '939a55070fa525753b167adf86c76181'),
(63, 1, 'Graciela', 'Juri', 3, '16759081', 1, '36b1be29eda6e97dfd41d25bf28c550a310f9da565fb204e12524337e3a0a710', 'escrijuri@hotmail.com', '2020-04-07 23:33:41', '1969-12-31', 'e019508717b449cf56a24b9d920b25d0'),
(64, 1, 'Pablo', 'Parejo', 3, '18774805', 1, '701f3db4a2cce791d63abc3b1ce50635a280b45dd8cfe4ad27220d7a13ac114a', 'parexo@gmail.com', '2020-04-07 23:38:29', '1969-11-03', '430572dd94fd1b30232ff7bfd0f1a627'),
(65, 1, 'Alejandra', 'Games', 3, '25167875', 1, 'd0db77e77961cb6dbc0d15396dcecf93d6235c4784957b1a6667415d2bea92b9', 'alejandragames_notaria@hotmail.com', '2020-04-07 23:45:32', '1976-03-04', '2ff0f90b182b1cb93e647703a92bf2a2'),
(66, 1, 'Maria Daniela', 'castro', 3, '23901472', 1, 'df7b2f8196f448acf7d9c49bb2eed56e5294894f8a37a699193cb29641bcf8f9', 'mdanielacastro@yahoo.com.ar', '2020-04-07 23:46:43', '1974-09-27', '230eca618448447e974ee357e7201a6c'),
(68, 1, 'Laura', 'Mendoza', 4, '24467746', 1, '3dd2ed7015b7fd3d8f90f12e7840784de7ac4a4db23f269eeb52ef3bce3b69b2', 'laucmza@gmail.com', '2020-04-08 00:02:50', '1975-03-18', '4c54f29ab9b3671d4048ffa37ac69715'),
(69, 1, 'Valeria', 'Frannino', 4, '26792848', 1, '27b2f1ad436b62582b470a8fbaf765dafe64ba3c9227681d46b8e4f8f6f4539d', 'estudiofrannino@gmail.com', '2020-04-08 00:04:13', '1978-01-09', '69064c4fc3abb172f8af9abc60cfe03c'),
(70, 1, 'Maria Florencia', 'Pessano', 4, '34016333', 1, 'b1cebfe6921d52a1897868055568c9363fac3cef99d75b2b7466861c0e64cb69', 'florencia.pessano@gmail.com', '2020-04-08 00:13:29', '1988-09-23', '9dd09186227db85f1a4f6150fdd8aed6'),
(71, 1, 'Jeannette', 'Dumit', 3, '26341281', 1, 'c62e6ceff8dcccad9d44edf7862a06990a50342179d81903554f4065bb0b0842', 'jdumit@hotmail.com', '2020-04-08 00:13:42', '1977-05-08', 'd1c411fb6bbede9cd6d8d9b1ccf5e99c'),
(72, 1, 'Silvina', 'Iturralde', 3, '30841150', 1, 'd47b8a8ae06adbb99f6cca3c67a18b5ebccbc3fe1d2fd1acd3c0c922e9b82751', 'icescribanas@gmail.com', '2020-04-08 00:14:17', '2020-04-08', 'cfa73653bab569cd7cfe984b10f54cf2'),
(73, 1, 'Vanina Noelia', 'Perdicaro', 3, '33462376', 1, 'aae49ce8c37103662cac2a20d60d55b746a8d9e5a37e9f480389e978658f10df', 'escribaniaperdicaro@gmail.com', '2020-04-08 00:19:09', '1988-10-06', '9e23555aa065694de52d8533b61d69bf'),
(74, 1, 'Federico', 'Vera Tapia', 3, '26251808', 1, 'cac1786b52e592447efaf5a2290cf26a10aa56d657764cb5813ae1fd2a34bfcc', 'federicoveratapia@hotmail.com', '2020-04-08 00:20:48', '1977-03-12', 'd232e8a41d678c2738034f6cf84a542d'),
(75, 1, 'Cecilia', 'Blanco', 4, '22984749', 1, '4c7de2c3da6dc0ae8f9d13b107718a913859359bd30166d077c867577953865d', 'ceciliajeblanco@hotmail.com', '2020-04-08 00:23:41', '1975-01-01', '8db5f8a08388047f53c1f01ac56ef6a2'),
(76, 1, 'Natalia', 'Nadin', 3, '28410251', 1, 'dad88d31c2dc3b23bce188248496bafa00ba925fe7a7779e8db8aa8849011a9a', 'natalianadin@hotmail.com', '2020-04-08 00:26:56', '1980-12-23', '042de226e00e28fc510a0527c8b0fc76'),
(77, 1, 'Helena', 'Dalera', 3, '26935416', 1, 'f55c7192487fd457d9ef0aab99e750e7242557a38bbe734fed2a9f9b62571f6f', 'dmr.estudionotarial@gmail.com', '2020-04-08 00:29:25', '1978-01-12', 'a789513c228dccf3ff9c5e11fcec4536'),
(78, 1, 'Maria Fernanda', 'Benito', 3, '32169405', 1, '97a40459c9a178f02bec6b459d0f2598317ea53c627798b87689fc1b2a1aa46d', 'benitomariaf@gmail.com', '2020-04-08 00:45:24', '1986-02-08', 'ccdd11c12e1d1576c39d010943acfae2'),
(79, 1, 'Mariela Belen', 'Tutor', 3, '32634980', 1, 'adbb206da376b3e9030cd45c8d4817aa1e7d328e27951c74b8051a1c22dfbd34', 'mariela_tutor@hotmail.com', '2020-04-08 00:46:33', '1986-11-17', 'ac80142ed60ebc2c404e4fa446f497c9'),
(80, 1, 'Maria de los Angeles', 'Benito', 3, '28228122', 1, '9fd2873bf3e93ec9adb9376d35fa9a43fbd628ae809a322361e6fdc8bb055a01', 'escribania.benito@gmail.com', '2020-04-08 00:50:08', '1980-10-08', '14c4f344d3712ed15525c84c1173a9bd'),
(81, 1, 'Maria celina', 'Tornesi', 3, '32627671', 1, 'ab2a6168dd5982ffea360802ff30e9706ff09f2d8362d0a981531fd141b3696f', 'mctornesi@gmail.com', '2020-04-08 00:50:41', '1986-09-12', '76908853cbaa2380f48b5d0cb7040a28'),
(82, 1, 'Carina', 'Avallone', 3, '25984575', 1, '3fe589a1c318cb4f631f68ef2a5a02a160dee728af0df2733a4764b2ac389376', 'carinaavallone@yahoo.com.ar', '2020-04-08 00:53:04', '1969-12-31', 'f0abb3e379cd686d327047509422c32e'),
(83, 1, 'Matias Adrian', 'Cinta', 3, '33579906', 1, '0a716dc2d1a1c43a574a63a157abd3428300ad2cd9d38c9208e632e6cab2385c', 'matiascinta@hotmail.com', '2020-04-08 01:01:46', '1988-02-20', 'c1e8b3fe4cdf940817bffabf9016ef3f'),
(84, 1, 'ANALIA', 'CAMIOLO', 3, '29561516', 1, 'c199c27cb77f15fc404df8cab7c71920a6ecb706ce884f7f06783777fa1ac0ac', 'ANA4207@HOTMAIL.COM', '2020-04-08 01:14:04', '1982-06-08', '4658b8a1a5b23c2e0a4090bdb6b03574'),
(85, 1, 'Monica Beatriz', 'Gastaldi', 3, '22508322', 1, '6e877b4b84af267468ec59232cd0f5d193ae6365b06c21e38e799cd7a40acf32', 'escrigastsldi@hotmail.com', '2020-04-08 08:13:20', '1972-02-20', '3cf250e232a4bdd39b69e715a755ad29'),
(86, 1, 'María Paula', 'Pedernera', 4, '34786119', 1, '68b56622d5f2f81f22382bda7239044406e9bc4b71588df88ec8bf4f96783c32', 'paulapedernera@hotmail.com', '2020-04-08 08:53:38', '1990-02-02', '7e46ede122fff969b81b9b7b0f757b76'),
(87, 1, 'Verónica', 'D&#39;Amico', 3, '27980516', 1, '152e148d91d4210cef2ebb5ff8adba76c1745fdf5ec7da6683ec67807ae090d8', 'verodamico@gmail.com', '2020-04-08 09:10:34', '1979-12-31', 'fbc3877cadcd71b8a860561a2831a728'),
(88, 1, 'Gisel', 'Castiglia', 3, '32316547', 1, 'cd45b57b8377ccc5c09aa7a29dba2350335cd8ac5ec4b741e6f028760ed173ea', 'gisel@castiglia.net.ar', '2020-04-08 09:11:27', '1986-08-19', 'c4818f3e253138fd671f2ae7e8b39eb6'),
(89, 1, 'Valeria', 'Cordova', 3, '28137383', 1, 'eeaff24321542471f7a3cea344de5605bb30c85187c00063d4566d7435735d6e', 'escribanaavcordova@hotmail.com', '2020-04-08 09:24:31', '1980-07-11', '68ce9527213eacdf13979992adb16ed5'),
(90, 1, 'Lucila', 'Guzzetti', 3, '25440687', 1, 'bf6fcd4593c9d91bf472cb16a14de532410c7bca8f4ee8eef5f2eb30751778ce', 'lucilagu@hotmail.com', '2020-04-08 09:42:43', '1976-08-05', 'cf830f7cdee588c5e70739731b450380'),
(91, 1, 'Carolina', 'Ara', 3, '27298547', 1, 'f0a662bebba8ae37875c97219f9c59d853ce629968bf009dee98efbb1075ca97', 'escribanaara@yahoo.com.ar', '2020-04-08 09:47:58', '1980-04-01', '31f320d8c9394116993d61ee9e094498'),
(92, 1, 'María Patricia', 'García Carranza', 3, '25984868', 1, '60b135fdaacb094368f27022ddcb973ae49368f7857a749107edccd80ebf95a0', 'mpgarciacarranza@gmail.com', '2020-04-08 09:52:47', '1977-10-09', '020077aa96159cb8b3771dc6da8042a7'),
(93, 1, 'MARIA SOL', 'MERCADO', 3, '31188353', 1, '51745e33a5a15e42b5567239a001e57dac525a1f97216dabc6adb44be52b2d24', 'msolm84@gmail.com', '2020-04-08 10:46:44', '1984-12-07', '5853ed63fd6eff41375d1a054b816fa4'),
(94, 1, 'Mariana Cecilia', 'Kaluza', 3, '26792685', 1, '5cb45cd50604ded42a870f6b2c29290cfd5388ae46b3f5f50740d3f6a18f56fd', 'mckaluza@yahoo.com.ar', '2020-04-08 10:55:05', '1978-08-03', '965c3f544fcc19826606562c0cdf5982'),
(95, 1, 'Gastón Edgardo', 'Perich', 3, '33576741', 1, 'aa6c1ee7e6908d66d84b21f80e70e2ad0e36c91b791f90ce7a247d6903af6167', 'gaston.perich@hotmail.com', '2020-04-08 10:59:31', '1988-03-14', '96c71c1c47021a43b78a898d6da3528a'),
(96, 1, 'Rodrigo', 'Fernández Burad', 4, '32879952', 1, 'dc82dd4f963ab0ef562cf2e588743766ac81266eabe165fe687545a366cbc60c', 'escribaniafernandezburad@gmail.com', '2020-04-08 11:13:01', '1987-03-08', '0c23dca030fe594d3f758aa4336dfe79'),
(97, 1, 'Damian', 'Bertani', 3, '30051774', 1, '4b7ea3715588ae797cd7fcba4bf3fcc166aacd3edbf33d4a8ef675e52eb28e30', 'damianbertani_35@hotmail.com', '2020-04-08 11:19:46', '1982-07-16', 'cd3df0bd5288500481f2cd1ba054232a'),
(98, 1, 'Emiliana', 'Galafassi', 3, '22142785', 1, 'f2ac6e6c49e7f86847d8679f97ab410bec33cb0ee34410fefed55ff0ff4aef4a', 'emisistem@hotmail.com', '2020-04-08 11:27:32', '1971-02-09', '233cdcf3793e16ee0513556c11c4ccd9'),
(99, 1, 'Clara', 'Mondati', 3, '34015809', 1, '8202db6e42e154ef28311a77bdcfe8c5264d6f610e6672ada81032bc09ddc601', 'claramondati@gmail.com', '2020-04-08 11:30:39', '1988-09-08', '8c0f8d40880732f7b522e8bf517d7073'),
(100, 1, 'Laura', 'Thomas', 2, '05140608', 1, 'a9010fd21a93c687b3c4c506313993b5a2ade87b719d09792b120a27b852f749', 'laura.thomas308@gmail.com', '2020-04-08 11:30:42', '1945-06-08', '2c963a8b424f727da017c188b2e3dcc8'),
(101, 1, 'Karina', 'Coloccini', 3, '31747307', 1, 'e0347a14e707dab963bef12d997ab76446b5df9ad544fd365d58ef5820eba4c1', 'escribanacoloccini@hotmail.com', '2020-04-08 11:31:26', '1985-08-23', 'f987f830c5cb015b8a619416c60df1e7'),
(102, 1, 'Valeria Cecilia', 'Costarelli', 3, '27981009', 1, 'e5f6c0a0ad0158d8400441370439bb4085def8dbd8b7971583258b22e672ccce', 'valeriacostarelli@hotmail.com', '2020-04-08 11:48:11', '1980-01-01', '65ab576981cbb69da122242680b1707a'),
(103, 1, 'Maria Silvia', 'Sanz', 3, '18082170', 1, '5b1fca65d072d350ddc44021a5872f3dfb2711cb3c210306a439a456878c9f01', 'msilviasanz@gmail.com', '2020-04-08 11:48:46', '1966-08-10', 'fe7ec6465ec446deb2e68bb093d777b2'),
(104, 1, 'MARIA JULIETA', 'JAENISCH', 3, '25245083', 1, '0b520f6db26c18a531c96ffeafa72622cf4ad9f15de26c1171a9f2f1e97a013b', 'julietajaenisch@hotmail.com', '2020-04-08 12:13:34', '1976-05-04', '46ba44679828d2ebc1e4364568b662b0'),
(105, 1, 'Maria Jimena', 'Gasco', 3, '28137401', 1, 'ced3b3ac01415a5ef42a4b3154e59cacc19a2ba0096457ae33bb291fc02c826e', 'escribaniagasco@gmail.com', '2020-04-08 12:16:29', '1980-07-08', 'b804eaf16a51511fce5e1b30d19e94f7'),
(106, 1, 'Pamela', 'Raganato', 3, '32131658', 1, '24027370f33de991520698bbc2f9f851f1f63136ecbfae8ec604633729d0f1bd', 'escribanaraganato@gmail.com', '2020-04-08 12:17:10', '1986-05-04', '323639d802f9e6ef14982262fd7f5d97'),
(107, 1, 'Mercedes', 'Daniele', 3, '29875678', 1, '2784c617b35877fd04fa5f410cc6108805d4a1522b3c47fc7658083956b5d22e', 'mdaniele17@hotmail.com', '2020-04-08 12:24:48', '1983-05-01', '08cd8f9f03afccd6d95c18d7b6dd91ec'),
(108, 1, 'Guadalupe', 'Blasco', 4, '32931631', 1, '2c45f36e0e616aa454bfdce3d18fd1db5ea92403b03b64c770fae3f0fa7b5524', 'guadablasco@hotmail.com', '2020-04-08 12:30:38', '1987-06-02', '28794ae277c400046f714e55839598a7'),
(109, 1, 'CELESTE', 'OJEDA', 3, '34370477', 1, '41db4bed6afbe8d9130369361c68824d1124758b946507bcf78f446091063c94', 'escribanacelesteojeda@gmail.com', '2020-04-08 12:41:30', '1989-03-23', '6a5a26510cd5b3c12ca85e1a1cfc9f88'),
(110, 1, 'MARIA JIMENA', 'CALLEJON', 3, '28977551', 1, '415e7812b0308503aacd64b6147978ec0ce314dacc3fdb3673b2039aad9ef800', 'jimenacallejon@gmail.com', '2020-04-08 12:48:15', '1981-07-09', '8c5a2df0f8ba29bfec5f1d1e2345edc8'),
(111, 1, 'Yesica', 'Navarrete Morales', 4, '34113664', 1, '4949c96a4eadf7b11c231b69b40a3c15a374d7a506152d5d009fd75a8fe93ffa', 'yesicanavarrete@hotmail.com', '2020-04-08 13:03:08', '1988-11-04', '9406053f8e9532981eabac2268845272'),
(112, 1, 'Daniela', 'Lattuada', 4, '34068599', 1, 'ce76eca521ae9bd5806c3c7b4503c7025501c32be3c8f73d60a6e3d755b2e8b6', 'escribanalattuada@gmail.com', '2020-04-08 13:04:10', '1989-03-10', 'e26244c54ed3c442bc9d9e8e487ab02e'),
(113, 1, 'María Lía', 'Iriarte', 3, '17375448', 1, '82d84119e2ac54a07272bd4eeda21a0e9267ee0b7f8c01f793f4e06ddfce077f', 'escribaniairiarte@gmail.com', '2020-04-08 13:17:58', '1964-04-12', '9ef6f0a3c3e71eec59ef1998b1356448'),
(115, 1, 'María Andrea', 'Merenda Poblet', 3, '25292379', 1, '9a5508c2b70762af62e470f73b57b0bbded671589e243f3902bee3fd8adfed43', 'andrea_merenda@hotmail.com', '2020-04-08 13:24:07', '1976-10-04', 'f2aaf7494d2abd068455001d770b5a2b'),
(116, 1, 'maria marta', 'simon', 3, '25564219', 1, 'e72e1a9cf70cd816f751311704a2bef321d93c284221e44b01b76e6db6bedccb', 'escribania.simon@gmail.com', '2020-04-08 13:30:55', '1977-07-02', '94279fba09db5312ac9e05a5ee5e4b72'),
(117, 1, 'PAOLA', 'HVALA', 3, '22845985', 1, '1bca13ddcf994f800abd40e0649fdcf704c7cd3aba78a5c4f89b4253e9f79379', 'paohvala@hotmail.com', '2020-04-08 13:35:14', '1972-11-27', 'f09a019000820b745cefcff1545be93b'),
(118, 1, 'Maria Virginia', 'Casado', 3, '26219314', 1, 'fe4283b70364ad5593ff92ecc4a9a55872ebcef8b39d8fe23bf43c8feb9ed88b', 'mariavirginia22@yahoo.com.ar', '2020-04-08 13:37:21', '1977-12-28', 'ae002b2547f916629a82295f06fa1c0a'),
(119, 1, 'Yanela Gisel', 'Goulú Martín', 3, '33106700', 1, 'a406d195051a5c208dc15560402652a12cad646e10c5d5da1da727be6823df4f', 'escribanagoulu@hotmail.com', '2020-04-08 13:41:11', '1987-02-06', 'c91d2d2988eac5ca30262579c2c112fe'),
(120, 1, 'Ludmila Magdalena', 'Stopar', 4, '34015924', 1, '859ef40c3c0cf92bab5ee984c43bde87eeb624ddbcd32e98d06314282ab8e884', 'stoparludmila@hotmail.com', '2020-04-08 13:42:30', '1988-10-21', 'd65a46e04b415a56de83a469ced616f3'),
(121, 1, 'laura', 'chiappinotto', 3, '13335294', 1, 'ef85c741e38e77d244f299c39dae45e8fed9a14c4ddc39915daacf30acc73756', 'laurachiappinotto@hotmail.com', '2020-04-08 13:51:35', '1957-09-23', 'b2d69d8cc920bd0975302db1d3f88344'),
(122, 1, 'Noelia', 'Escalante', 3, '30767589', 1, 'd0e5cf7ac701661782eee204b831786da31ce32c7b74e58a2be81dac59d11936', 'chufaesc@hotmail.com', '2020-04-08 13:53:04', '1984-09-09', '9f972b824968c2ded8cc838563de8ddf'),
(123, 1, 'Florencia', 'Zapata', 3, '37486847', 1, 'e53c38d622dd53734921b9d06ad010d421847675def82058e921be8679bcbd4e', 'zapataflorenciabelen@gmail.com', '2020-04-08 13:53:07', '1993-04-14', 'd02cab6762d0cdc3e5b772010f99d41f'),
(124, 1, 'Marianela', 'Mayol', 4, '34819867', 1, '204bf92992e191f52e05dbbbf6f5d3086836bc81ea76db47a157f3acbaa743bc', 'mayolmarianela@hmail.com', '2020-04-08 13:54:12', '1990-08-05', 'ae28a8ab056722e43229fc98196aaf12'),
(125, 1, 'Carolina', 'Leiva', 3, '29326413', 1, '827fbc6f11c04fe8f7835312b33c4159b38bf47780dcfcc8b0c10f21331f5d4a', 'carolinaleivaf@gmail.com', '2020-04-08 13:55:43', '1982-10-10', '00a68fbbab21cff3d4bc58d51846785a'),
(126, 1, 'María Marta', 'Diaz', 3, '23715595', 1, '998ba4822db69b738f4a4e90adb8e739fd9c9e33a5c254059915d24ecded38a3', 'escridiaz@infovia.com.ar', '2020-04-08 14:03:15', '1974-08-31', 'd3d645bde51ef0bd379d62f6a1f3d893'),
(127, 1, 'Maria Alejandra', 'Dip', 3, '18456265', 1, 'db133338039487826ea07dedebb5b8aa30dbe167c7335afcc5f9473413c732f9', 'mariaaledip@gmail.com', '2020-04-08 14:07:59', '1967-11-13', '8d7083afa837e2ef1242467b19f7f2e1'),
(128, 1, 'Mercedes', 'Llaver Badui', 4, '34312910', 1, 'b6ae008a71fdb31ba4cadefeb2fca538abfbf059fcaeaec344ee6335460fbd75', 'mercedesllaver@hotmail.com', '2020-04-08 14:10:15', '1989-06-24', '7e9141ee2ec855e53132c0a8fdab8ccf'),
(129, 1, 'Elena', 'Larriqueta', 3, '26681403', 1, '702e565e1fae986ecf5d46470d5b1af899043a1d659eddc05a7aa22473545f81', 'elarriqueta@gmail.com', '2020-04-08 14:13:01', '1978-08-23', 'aa2bc12d75c56c67dd898a69ab78fdc0'),
(130, 1, 'María Elena', 'Tejada de Prados', 3, '14978233', 1, '5c5f87d51c71ce4a16682f4b2940a8e4467f18bc05d7f4795f57d81c33f104fe', 'mariaelenatejada@hotmail.com', '2020-04-08 14:13:11', '1963-01-06', '9272e0c1922eea662c87382b6aee3c0d'),
(131, 1, 'Marisa', 'Benito', 3, '13387190', 1, '868614835d66d8b02ae61ffd09b360ef2d1ef18034ae988b8d12f6e4728e13bb', 'mtersoglio@gmail.com', '2020-04-08 14:15:57', '1959-08-03', '9eb48bf7d40b0e4a537ac30f927d2c31'),
(132, 1, 'M. Laura', 'Mema R.', 4, '33767244', 1, '858fea28ceeee1bff141ea267a3eb589cc9beb173203f140d3b3d39cae1d4ef1', 'memarodriguezml@gmail.com', '2020-04-08 14:18:09', '1989-01-23', 'f8fba3f8eb5d84503f988afc7d36950f'),
(133, 1, 'Emilia', 'Monforte', 4, '32448267', 1, '7fdaa71006686e3678a44b80532b0199304a8b2d22f552119c48bf7361dd903d', 'mariaemiliamg@hotmail.com', '2020-04-08 14:30:50', '1986-08-12', '14d4001b94f21c8bac92ab65f060e46f'),
(134, 1, 'Josefina', 'Pimenides', 3, '24996204', 1, 'd06fe05db78c0573b21b942f96909a4642874ff45b8395d7c9e90031cd2e6a1f', 'josefina@pimenides.com.ar', '2020-04-08 14:33:10', '1975-12-11', '92ac1ce1ce74dad137b6ff832845fb36'),
(135, 1, 'Maria ines', 'Prats', 3, '29875624', 1, 'c63b498b6dcb285128b3f02affccaec473ba226ff91a58a4ebf67a2d333416a6', 'ines_prats@hotmail.com', '2020-04-08 14:35:34', '1983-01-23', '139e1dafec732126adab4955a013831f'),
(136, 1, 'Mariano Manuel', 'Remy', 4, '35211813', 1, '2d0f9bd4e072fdffb92aced27c03895c4ec794a9e620fb7cdf8628d43a86359b', 'marianoremy7@gmail.com', '2020-04-08 14:53:59', '1990-03-29', 'ced555bbeea8699269a2388bf46188bd'),
(137, 1, 'Maria', 'Carranza', 3, '23206105', 1, 'f2daf70449bf174cd744c884fbe0062543224f2942b96de6f5d2d51ac974dea3', 'piticarranza@gmail.com', '2020-04-08 15:01:04', '1973-03-12', '2f39b92e5e26e9f3ef1ebf9581086a7d'),
(138, 1, 'Anahi', 'Carrascosa', 3, '10564081', 1, 'db05db10049bc21b6ea1b7e8c0cd4c31ee56fc4183b3540eb0a598a4efa12468', 'acarrascosa411@gmail.com', '2020-04-08 15:05:30', '1953-01-15', 'a289f95ad0e2fae2e4b68ed325ec8848'),
(139, 1, 'Andrea', 'Aruani', 3, '30076059', 1, 'e7eebb24bac73b375aa9ef5b51422d78c5392806ccdb721b67d79a22967d28a8', 'andrea_aruani@hotmail.com', '2020-04-08 15:10:35', '1983-02-19', 'c00bd32bb29e7228fbdc443c5c4c910d'),
(140, 1, 'María Paula', 'Castro Dipauli', 4, '30345245', 1, 'a987aace5c87257d5597b30d8eec0f58c81b71ca5dc3b557b6cfc6a877f4c329', 'castrodipaulimp@gmail.com', '2020-04-08 15:30:00', '1983-09-16', '5f37b107f2326d5724ea1fff6f2c0eae'),
(141, 1, 'Celina Daniela', 'Berti', 3, '27499686', 1, 'f776f7a62c0723bd4164dd417293a0a6de27dc3d073914f6f14f57c39ac735c6', 'berti.dani@gmail.com', '2020-04-08 15:30:14', '1979-12-01', '33caf9024f47ce29ee6e609151ea87d2'),
(142, 1, 'Marianela', 'Mayol', 4, '34819867', 1, '204bf92992e191f52e05dbbbf6f5d3086836bc81ea76db47a157f3acbaa743bc', 'mayolmarianela@gmail.com', '2020-04-08 15:35:58', '1990-05-08', 'b11da47d4563d9cf9cd3118678c682d3'),
(143, 1, 'Silvina', 'Sanchez', 4, '34747811', 1, '52ec2bb13e7d64a73b00ddb3c4aa45addee1edd6b29c00b19132bd5778496839', 'silvinasanchezab@gmail.com', '2020-04-08 15:45:49', '1989-12-29', 'c8637687ab0cc2e65bad05ad4529ef43'),
(144, 1, 'Daniela', 'Tomazzeli', 4, '32562312', 1, 'ef3b7edcfd9b0d70d7aad7a5c0248013a07386a0939cad72d1c0085d577a0ad6', 'danitomazzeli@hotmail.com', '2020-04-08 15:47:36', '1986-09-17', '7de17d8da375f99db333555911803871'),
(145, 1, 'Laura Estefanía', 'Vacca', 3, '30055055', 1, '2dae0fbe34e46ba9f95a49564d683c86fe879f637de09f8fc25668a90a98313f', 'lauravacca@gmail.com', '2020-04-08 16:00:17', '1983-03-31', '4ffe3fe89053b3433c330f9289e4ff58'),
(146, 1, 'DANIELA', 'MARQUEZ BALL', 3, '32826946', 1, '2d9de73359db8a33f79f2f819e0de8e5dda3b6c019c2d968f94c2e307df878cc', 'danielamarquezball@hotmail.com.ar', '2020-04-08 16:03:48', '1987-02-02', '69e2dba3577e62886f79c951131b266b'),
(147, 1, 'Eliana Maria', 'Montaldo', 3, '24511772', 1, '0dd5e47a931e2302e7d3101c15da6495bb52a76218b7b861309825ae91b7617a', 'elimontaldo@yahoo.com.ar', '2020-04-08 16:06:41', '1975-07-18', 'b75e78f1c01ddce60679f3bad56caa12'),
(148, 1, 'Ana', 'Daher', 3, '25714465', 1, '86d28a5e218561a5f5da008dd9802f175faf43d81ffb7c3e2d66ff6f00235d67', 'escribanadaher@gmail.com', '2020-04-08 16:09:29', '1977-03-06', '936b20ddb2b63fe8db89856dc80c8e76'),
(149, 1, 'Magali', 'Romero Fernandez', 1, '39614647', 1, '7096564e74f231e092dde18ebcab9f514cd47f8ef2d17cb93b0d155d1a11ab83', 'magga.romero@hotmail.com', '2020-04-08 16:14:52', '1996-05-04', 'e4db94025c41c3bee50bd97daad3a96e'),
(150, 1, 'Maria Betania', 'Navarro Cardama', 3, '30030569', 1, 'ea94dba52d8b6ac801ffebb7a50374b98c841a57e59ec3a32ff3e28e5396f35b', 'escribana.navarroc@gmail.com', '2020-04-08 16:36:38', '1983-06-14', '329c4e87beb63d2b45c7a165c8c0eefc'),
(151, 1, 'Ignacio Benjamín', 'Ugalde', 1, '33577272', 1, '0e028aae08c487f2947165ca2584fcf184f853f87bb3c03264cb36b7c90e1e4a', 'ignaciobugalde@gmail.com', '2020-04-08 16:56:20', '1988-03-15', '6e4666f003f0de57dbeb2ef545a4b4fe'),
(152, 1, 'Mariel', 'Gruber', 3, '12287781', 1, '24382d59e708f723471207ded70ac3f97aadc683690fc4df53e393d99cb6fc44', 'escribaniagruber@speedy.com.ar', '2020-04-08 17:10:47', '1956-10-25', '612d3c354d55a1ad2ec27a72370792a3'),
(153, 1, 'Geraldina', 'Patrizio', 3, '27298492', 1, '0f4b2ef5cc9dea86bb00b58934b624ce8e6ae87dc2f99bb1703f3716572db064', 'geraldinapatrizio@hotmail.com', '2020-04-08 17:17:51', '1980-10-01', '50b30bff8a0994d6303486dea170948d'),
(154, 1, 'Milagros', 'Bazzino', 4, '32455688', 1, '2c327facefd8b1e7470d87ac9849776b6203fcf97d29b53f56f9ac49b87e3f55', 'milagrosbazzino@live.com.ar', '2020-04-08 17:36:36', '1986-08-24', 'd377a80843496e1e40c91651815a2a66'),
(155, 1, 'Rocío', 'Perez Valenzuela Delgado', 3, '33440318', 1, 'd78d20ffcef2f2ddd3dca45113d97c6d8300d88ab6040d7b1a95675d492a2edf', 'rocioperval@gmail.com', '2020-04-08 17:41:51', '1988-08-10', 'c67106118910a212295307eda4de0480'),
(156, 1, 'JORGELINA', 'RUIZ', 3, '27164916', 1, 'ff1ba7cdaf904b4ea89efc714321dde83944598d81668837b6607e24305712f8', 'jrresina@hotmail.com', '2020-04-08 17:55:39', '1979-03-01', '519b03fa077245ba3e7963e54e717567'),
(157, 1, 'Andres', 'Lagazzi Santana', 3, '24154233', 1, 'dbe738fb918c2cf2d32087aa9a2674781e35480251a75fe395ab905a3b337403', 'soyandrea2000@hotmail.com', '2020-04-08 17:55:58', '1974-01-09', '36096f3828e8402a2e6a21cd9da1d399'),
(158, 1, 'valentina', 'pons', 3, '36766914', 1, '865ddd8c81a4eb3dc8524f3db2fb1a6c607167506bae43fd83bdb2541615bf10', 'esc.ponsvalentina@gmail.com', '2020-04-08 18:10:51', '1992-03-25', 'd83ae8ff65393df40f6f8869ab1d1ae8'),
(159, 1, 'Valeria', 'pannocchia', 3, '25883857', 1, 'b979bbd7fa6c8423f9dd109cf976a0693cf2dca3ae44f6a8425afcd0d531ad34', 'escribanapannocchia@hotmail.com', '2020-04-08 18:18:30', '1977-07-10', 'ae987a3f080f4dfe2c448cf2921447c3'),
(160, 1, 'Graciela', 'Laguna', 4, '17084266', 1, '7f91b309c0d9b0c762ead52e87774983d3323dc8ea375e02abb7f799fe3db75d', 'gracielalaguna.gl@gmail.com', '2020-04-08 18:19:33', '1965-02-01', '283417174e67d09a77887108523025b5'),
(161, 1, 'Erica', 'Vicario', 3, '24861064', 1, '63e2f88475ec3d1b0a59d1c506f60aeb505ce02c4b77c60e2518edaec26f8036', 'escericavicario@gmail.com', '2020-04-08 18:20:34', '1976-03-23', '2cbbe3a6740ce5dfda06172a9726d450'),
(162, 1, 'Magali', 'Fracchia', 3, '27766391', 1, 'da8de9ac84d6cae66770d6da37d68b18662f0c5d23e397635653535e1fe84199', 'magui-fracchia@hotmail.com', '2020-04-08 18:20:45', '1980-09-25', '5dd02f0093a063c581c8a216257b64de'),
(163, 1, 'Mariela', 'Nuñez', 3, '31546505', 1, '465e6e916d9b579ecee7a50277476adff3d912c62a5e14076f459b3c5a1843c0', 'escribanamarielaeliana@gmail.com', '2020-04-08 18:21:25', '1985-03-02', '71e30cfb29b41bfec80420c860a3212c'),
(164, 1, 'Fernanda', 'Gimenez', 3, '28700513', 1, 'ebb8be0e7d874ffb16d7c74ed99094fca3d5ea019a26c5b3fa63b283288286b4', 'gimenezfer@gmail.com', '2020-04-08 18:21:27', '1981-09-02', 'aaa0192496cb5e6d207aa11d0378cc88'),
(165, 1, 'MARIA ALEJANDRA', 'ZARATE', 3, '20563132', 1, '2a2b2b1b61c622cc2f85611be89ba9fae3c3b9e84557a062d78684fdbeac4f5b', 'azarate7@gmail.com', '2020-04-08 18:22:53', '1969-11-08', 'cb12f02ed33f879d54903c92f29cba28'),
(166, 1, 'Emilce', 'Abraham', 3, '31028740', 1, 'c8d112dd41edab3564fc8ad2348fd6a3f1f53ac41e2f967190b476c1b9af163d', 'emilceabraham@gmail.com', '2020-04-08 18:23:04', '1984-07-23', '025e27a6eabe7519b4df8d3d9f0a7b5a'),
(167, 1, 'MARIA LAURA', 'SAMPER', 3, '27487433', 1, '6ea3e20f911868319b8007bc25f74380159742f9f6baa03de76b922c7e630064', 'laurisamper@gmail.com', '2020-04-08 18:23:58', '1979-08-08', '942b22072dc6c47cc320bfc06098c6ce'),
(168, 1, 'Damián', 'Dimarco', 4, '36961117', 1, '64a5e3a255c7c63ffdf0624ea0b87266dedfedbc8eaeb97ed3b9b520856b1155', 'nanodimarco@gmail.com', '2020-04-08 18:24:01', '1992-05-15', '05ce675b4b5cbe5a03645bbc0dd00cee'),
(169, 1, 'HUGO', 'DOMINGUEZ', 3, '18446643', 1, '51a0ff751e8b6628781c2213ee1d122400656b278259d0bed9fe4bed30d24f30', 'dominguezplazenzotti@gmail.com', '2020-04-08 18:24:23', '1967-03-04', '607ff7c40a572e81e5f753b884bd4cc2'),
(170, 1, 'erica adriana ines', 'garcia arnera', 3, '18391279', 1, '0991ff4c82440e2ae56a818eac119df7568e9c7c7914d87c259ee43c0c9fd7c4', 'escgarciaarnera@gmail.com', '2020-04-08 18:28:12', '1967-03-05', 'dc6faaad41cae0509933f53acc2f420b'),
(171, 1, 'Maria Cecilia', 'Arra', 3, '27785313', 1, 'dac96cf300e42c38f1f05297a6ce18c8c6b98bdb9873d697d0d68e1595f598c3', 'maricel_arra@hotmail.com', '2020-04-08 18:28:38', '1979-12-23', 'c9cae3deccd267901cbb53d80fb3a91b'),
(172, 1, 'Maria soledad', 'Botella', 3, '29648689', 1, '2e7b3665bd41b06d37847ed23e820eeee8ec586582c510b55cc0271dbfd7095d', 'marisolbotella82@hotmail.com', '2020-04-08 18:28:39', '1982-08-28', '1756511d531661c3eee49e97af740715'),
(173, 1, 'Fernanda', 'MARTINA RUBIO', 3, '27968948', 1, '19d4432fa882efca6510cddb14d97d35adea8c30c227dc97381b28edb1d747a8', 'fernandamartina673@gmail.com', '2020-04-08 18:28:50', '1980-12-02', '8284c77c3c0c5bef64f74598b80d9112'),
(174, 1, 'Mariana', 'Pucciarelli Revuelta', 4, '35863079', 1, 'ad17d7f49fb3a5215fff382ce110d5d2ec8ce173db04b98addaed36e8a62ae43', 'marupucciarelli@gmail.com', '2020-04-08 18:29:46', '1987-07-27', '3cba5c8bb85ff91dbbceb4a32a73c22a'),
(175, 1, 'María Virginia', 'Cerami', 3, '25666741', 1, 'd9f1cec62c147ba78fcde6190d603bb9a2800edc83f17a6d5044b84172308ea6', 'escribanacerami@cnmza.org.ar', '2020-04-08 18:31:33', '1977-06-01', '3ae1279319e2f6e85db78b97b9b6ab45'),
(176, 1, 'Elizabeth', 'Gomez', 3, '28466641', 1, 'f1df5e52869e138b882ee079e0b362990d22639cfd8b00aeac94f5e7be47157e', 'escribanagomez171@gmail.com', '2020-04-08 18:32:33', '1981-01-17', '29149aeec6794ac14402e8055f92ebe6'),
(177, 1, 'Cecilia mariana', 'Giugno', 3, '22407732', 1, 'f605fc8f1f96463cab81ee22863b28910605c840f765073af3ac0d9d18f5442e', 'ceciliagiugno@gmail.com', '2020-04-08 18:33:00', '1972-10-14', 'b1275662f13d20ac007e0f616cf3fdfb'),
(178, 1, 'Pamela celeste', 'Lofvall Gallardo', 3, '33274828', 1, '22e52cad6c10eb14256afde3a3edca6c0d86d107ca2a6bc8ca4cf6cf0b1c7b5f', 'pamelof@hotmail.com', '2020-04-08 18:33:01', '1987-05-13', 'ce74cc08fa51e460b1c23ee798a6b052'),
(179, 1, 'Daniela', 'Toledo', 3, '26779123', 1, '74b640d81f4bf490533592dd9f8981d955fb039dd7609db354b3ac41208808c0', 'danitoledo42@hotmail.com', '2020-04-08 18:34:23', '1978-08-08', 'f7be4fcbef8bf3fd23108b437415ea6f'),
(180, 1, 'Paola', 'PEDROSA', 4, '30212730', 1, 'a4a2e530836fae6323d84f66a817322a97a660ebf8a369305a6cbdd87e499a25', 'plpedrosa@hotmail.com', '2020-04-08 18:36:01', '1983-02-10', '049e01e561082b4921c62e5006240364'),
(181, 1, 'Martha', 'Linares', 3, '92371777', 1, 'fe296f04d7f51467ccce293bec517a33f9d5b523541ae986176a1a920027ac58', 'mlu@urrutigoity-linares.com', '2020-04-08 18:36:42', '1967-04-30', 'd1dcbe46f04640a93f353eec81194239'),
(182, 1, 'IRENE', 'BARBERIS', 3, '34748804', 1, '41d9766fe44688ffb3f63968b5a374b58147d19a45f67957eac7a47ad63a8a2d', 'irenebarberis.esc@gmail.com', '2020-04-08 18:42:24', '1990-01-01', 'c52aea61749dea433b321b13c81b35fb'),
(183, 1, 'Carolina', 'Lascar', 4, '36788068', 1, 'e1466a58e57ccebb0c2087862c4b0a84ce48284dc5349ae179ee3ce5b37d970e', 'cnlascar@gmail.com', '2020-04-08 18:45:18', '1992-09-26', 'f6736d5dc80ed53a35fb5ab5e2d4915c'),
(184, 1, 'Araceli', 'Tocino', 3, '25782751', 1, '289d562655a4f3ec6dc005f49d58ce4108324e53a44bee095e87499905e17b54', 'aracelitocino@hotmail.com', '2020-04-08 18:46:35', '1977-04-20', '1bb3b3aa9b72672a510fa65ec8bf0fdc'),
(185, 1, 'Vanina', 'Lucesole', 3, '25793496', 1, '5cc0ef5f751bd1f493b7968f031e26418095057319b0a1ceefbfec418b983e97', 'vaninalucesole@gmail.com', '2020-04-08 18:47:48', '1977-08-16', 'b0fff1c8d7471e6e47f40aaa5fee292a'),
(186, 1, 'MICAELA', 'ALONSO', 4, '36134926', 1, '04efe07b4e04af5b723f97d596022afe6d7746a2375f800ca2407564a19ac3a7', 'micaela.alonso92@gmail.com', '2020-04-08 18:47:50', '1992-02-05', 'c07547b5074171b640b0863f8632f691'),
(187, 1, 'Carina', 'Quiroga', 3, '28172801', 1, '469edf41f53a9174b35a52df6f46c965b8e9394707f8867a528e4e98d9789204', 'carinaquiroga@live.com.ar', '2020-04-08 18:49:08', '1969-12-31', '711271e7a41e81b345796ddd30c5b697'),
(188, 1, 'Mario Augusto', 'Bazzoli', 4, '38209044', 1, 'a6056d1430daecd42e999472527bf68e9b84b5b4b05a72f83eab9fdded2eb8d3', 'augustobazzoli@gmail.com', '2020-04-08 18:49:08', '1994-11-05', 'c31980041879905d88a1c89c116b4d2b'),
(189, 1, 'FERNANDO', 'AMADO', 3, '12954337', 1, '2df9ef5409a9e2811a7da2e2c672692476e490cb4d2ebb893811d0f8d1a4f243', 'fernandoamadoyasociados_notarios@itcsa.net', '2020-04-08 18:49:43', '1959-04-27', 'bc9d6f4b22d4ad94ad22461d5cdcca8f'),
(190, 1, 'Gabriela', 'Mechulan', 3, '16801014', 1, 'b4454c368f85afba38309726ddcbb05022d8c150af8d4365bd3671bb4caea9bb', 'gmechulan@gmail.com', '2020-04-08 18:50:24', '1964-02-03', 'ded68bdf2e711c3496ef6d602220c53a'),
(191, 1, 'Natalia', 'Delerba', 4, '36417782', 1, '6f7089154c7f3cb5e9ddb4c947973cefd275e8111b9b05965d59bd5a9f13449a', 'escribanadelerba@gmail.com', '2020-04-08 18:50:50', '1992-02-15', '279f07e4f53a0489086a055951842e4e'),
(192, 1, 'María Valentina', 'Sosa', 3, '34068656', 1, 'a8dc1169f6f23a51899bbdef5c9a390a12951d85c102f13bd32aa6ea8c5c79a3', 'sosamvalentina@gmail.com', '2020-04-08 18:51:39', '1989-04-11', 'b77522df0de0ef6cdba8dd632837e07a'),
(193, 1, 'María Florencia', 'Gonzalez', 4, '34748696', 1, 'f8847601b6383af3299dc4c6ad79d62d9910c39212df7531f149a37ba0e2dd2e', 'florenciagonzalez50@gmail.com', '2020-04-08 18:55:41', '1989-09-21', '550f4680fda68f814dc177729cc92f0e'),
(194, 1, 'Alicia', 'De Lucia', 3, '31028420', 1, '2e1fe5c95f0d64322756c3e7d5b891609695b0c6fa9144090d56d02d268059a9', 'aliciadelucia@gmail.com', '2020-04-08 18:57:45', '1984-05-12', '84e27acd123df07f45a092f047964410'),
(195, 1, 'Silvana Alcira', 'Mendez', 3, '18079819', 1, '1e43857345722151fa07ab696e7ea6955ff24fa40e73cc7205549912c1146f7a', 'silvanamendez19@gmail.com', '2020-04-08 18:59:45', '1965-07-09', '898771ddd5a7df74407af4b905f16986'),
(196, 1, 'Aixa', 'Simonovich', 4, '32879572', 1, '0f174a92ae6b0459163f9fad793f231aaf74a45d5c6eff3f2ae0c4a7ea9856ed', 'escribanasimonovich@gmail.com', '2020-04-08 19:00:04', '1987-05-22', 'f16bbc6f4f6029670048dd3c3d36acb5'),
(197, 1, 'SILVINA GISELA', 'FORNES', 3, '26779792', 1, '58600f71611fb8dd930772161515c032e9616a4ef084ebd2e2551c725ed312c0', 'silvina.fornes@yahoo.com.ar', '2020-04-08 19:00:37', '1979-01-07', 'aa8ce15726ed006cd481d73be5d213a5'),
(198, 1, 'Leticia', 'Sarli', 3, '18447615', 1, 'be428d797f04c5e9083eab7a313945fc31d242f120b421f992c20807192493a4', 'sarlilet67@gmail.com', '2020-04-08 19:05:50', '1967-09-04', '933e9155578a6cb190a3ac010c4fbe75'),
(199, 1, 'Claudia Alfonsina', 'TORRES CAVALLO', 3, '18780628', 1, 'd0cb638fd57d7108792b0d0bc8dfd1437f5a24695d8d96129a2e15c1b8fed561', 'claudiatorrescavallo@hotmail.com', '2020-04-08 19:07:32', '1963-09-08', 'bc40f68bd4074351627700bed7464e6f'),
(200, 1, 'Ana Carolina', 'Sanchi', 3, '26681074', 1, '1887b4320b266368f4e691e2ce0f9b78d6638240e97599fea8ac570847d9b8cd', 'escribanasanchi@gmail.com', '2020-04-08 19:07:43', '2020-04-08', '8b5b3b693d5f45c205c67688ed4a5ff4'),
(201, 1, 'Julieta Celina', 'Rizzo Correa', 4, '33576983', 1, 'a35f2e5711dafeb30166f8346e3a11c4e1bfb654662cc77994adbecc73ee9d1d', 'escribanajrizzo@gmail.com', '2020-04-08 19:07:54', '1988-09-05', 'db76ea90a33ab1cea420d1044e29973d'),
(202, 1, 'EMILIANO BERNARDO', 'CAMPOS FADEL', 3, '24900194', 1, '667e158f403fa53647c24a7fefe2ade65bf6c8a400872569f0a7b82a6abd8e1a', 'e_campos02@hotmail.com', '2020-04-08 19:08:15', '1976-01-20', 'ea4bc631845cdc44016497502ed44c7b'),
(203, 1, 'Mariela', 'García', 3, '25291032', 1, '7db59d6770b92903f471890aa9224bd0a60e35ffe40c2999b629021b73a8099b', 'esc.marielagarcia@gmail.com', '2020-04-08 19:08:26', '1976-04-27', '557957f7de06eec077732d32fd7c7320'),
(204, 1, 'Maria Estefanía', 'Allende', 3, '32117219', 1, 'cafa4ed08f9974f3335f372d12b9eeca000496350339cd99abe05adbdc09ae36', 'escribania.allende@gmail.com', '2020-04-08 19:10:17', '1985-12-21', 'e04ead89079c93f16c9af5c6e7e666ea'),
(205, 1, 'Federico', 'Rosso Bonet', 4, '31341259', 1, 'f6c301814928a6081beb727edf733dd43ef4c05c95fb1934ec49527dd3cbbfe6', 'federicorossobonet@gmail.com', '2020-04-08 19:10:54', '1985-02-15', '45bf9f851cb11a0384279e203522cade'),
(206, 1, 'Analia', 'Paratore', 3, '29875941', 1, 'bc7b42b70f871304a78de40ace941284485eb9677ec49d60a8c4b4c3d995f8e9', 'analiaparatore@hotmail.com', '2020-04-08 19:11:19', '1983-03-11', '2a74d4dabe99e565f980ae24e1395670'),
(207, 1, 'Antonella Raquel', 'Muratori Avila', 4, '35662528', 1, '081f1b6de210497f363a4c8eef08b7bdde615e558cbe884359a6d64d09c424e4', 'antomuratori@gmail.com', '2020-04-08 19:13:52', '1990-09-28', 'a8a10bd4e7cbfee59f3c4635214bf499'),
(208, 1, 'Patricia', 'Alba', 3, '21740440', 1, '884769a256dc6db939530249aefb60d85f0d6701e476421821deb269ce114d65', 'patriciaalba@estudioalba.com.ar', '2020-04-08 19:14:06', '1970-05-08', '09fb02b68305e594a11531ac5a058e06'),
(209, 1, 'Sandra', 'Zicato', 3, '17455077', 1, '4129fe418e7747c441d6d8d848da99288b1a3ee45889093d999fe435748817e7', 'sandrazicato@hotmail.com', '2020-04-08 19:21:54', '1965-09-08', '90f1dfb623dfd5b1369877bc6d53efce'),
(210, 1, 'analia', 'briceño', 3, '25354509', 1, 'baaf5a4a0bb825ae1562e4f9b598a384d24cdf9802ce9b21d114abcc82f8b3bc', 'escribanabrice01@yahoo.com.ar', '2020-04-08 19:22:19', '1976-05-27', 'e93309b89f2ba17d9b3e154092f786bf'),
(211, 1, 'Patricia', 'Torrecilla', 3, '28399031', 1, '4da90bcc206b5b5143033b36881a2b07b367fed510cbd9082eea1fb35461b8a9', 'escribaniatorrecilla@gmail.com', '2020-04-08 19:26:09', '1980-09-09', '972947a1f5876b38a980ce548c0cda5d'),
(214, 1, 'Maria Laura', 'Bustos', 3, '23942696', 1, '86e6d0fb065788281b848fa0e6f0ef89ffbb147e9a96a38621e50253b64f8cfb', 'lala_bustos@hotmail.com', '2020-04-08 19:29:50', '1974-06-03', '17735e382e0d8e01e197e97e5f79dc8b'),
(215, 1, 'Maria Gabriela', 'Saponara', 4, '37269336', 1, 'adb42bf8f7de13b96be5f63c5ab346215bd485c58fb7ae346ce6878ebe31209d', 'mariagabrielasaponara@gmail.com', '2020-04-08 19:32:05', '1993-01-28', 'f5431c754373adeaf226b78faf39023f'),
(216, 1, 'Emiliana', 'Perez Araujo', 3, '25564085', 1, '5ba3cad69b4d274fa19d4fe9a7a60c1bc24a7e00b42faef0579a1450aefcb869', 'emiperezaraujo@hotmail.com', '2020-04-08 19:33:21', '1976-11-15', '14963b764ed42594b11d3c5aed4790a3'),
(217, 1, 'carolina', 'MOYANO', 3, '26936219', 1, '1f21d32e35459e4255b070ef9ae1d3cfd32fcfd33d5c9b52fc1e3a5d3f247e86', 'escribaniacaroana2@gmail.com', '2020-04-08 19:39:55', '1978-12-09', '7b451689a3d0eb638e608aed5891923d'),
(218, 1, 'María Celina', 'Coronel', 3, '26779171', 1, '073d853b0f5400c364e105e5393d90b94ba1742d286ae5cc7ac81896908af29b', 'Clncrnl@gmail.com', '2020-04-08 19:41:24', '1978-01-10', '9c404c40d3a9d1e70095cc77e650f8ca'),
(219, 1, 'Maria  Laura', 'Napoletano', 3, '18012183', 1, '6a3e8d7659f5a40761af11a0fefb544874f3d74197b5b137ef1b0941863bf2fe', 'mlnapoletano@hotmail.com', '2020-04-08 19:47:29', '1966-01-25', 'e933ce98ef6e3cf8d623b44cb389d7e1'),
(220, 1, 'SILVIA MARIANA', 'ANDRAOS', 3, '23385756', 1, '874ae9d141eaea564e6a8a45de1a91a5a41cd6b83aecc8c7d5dcf714c14a5572', 'marianandraos@yahoo.com.ar', '2020-04-08 19:49:22', '1973-05-23', '8ba0b530435b4e317ac38528ba2aac3c'),
(221, 1, 'MARIA RAQUEL', 'CRUZATE', 3, '20403669', 1, 'a3ee4f1124982385846b9121704dcb8cf047fea60d7303963858d79d40f4f04c', 'mariaraquelcruzate@gmail.com', '2020-04-08 19:52:20', '1968-10-08', '4e7fb8a28467e85d0ca98faaf59634e4'),
(222, 1, 'Ivana Lorena', 'LUCERO', 3, '24566443', 1, 'e48345e8af6defdc8b62e3f0cac0dc787473022cbfc1e6100339a2954df6284b', 'ivanallucero@gmail.com', '2020-04-08 19:56:45', '1975-11-29', '3b0c543a4d4375aaaf11ef319c39005c'),
(224, 1, 'Carla', 'Di Battista', 4, '34763559', 1, 'beba027b6fd26b0a9880cd87a89a48c593564f473d3c9c59411519753d5962e0', 'carladibattista4@gmail.com', '2020-04-08 20:02:04', '1989-04-10', 'ffcd0a54ea528adbfbd6f5bd91fae0f8'),
(225, 1, 'María Lorena', 'Miranda', 3, '25908105', 1, '4835cedc355583c32e939246744f06e6f34a8fd412208190be4c47ad8ca2574f', 'esc_miranda@yahoo.com.ar', '2020-04-08 20:04:50', '1977-05-07', 'a69c1e8ed6f3a82738ee95976e3b5d4a'),
(226, 1, 'Natalia Marysol', 'Trentacoste', 3, '30176048', 1, '546139708ab5e8ea0874408e818a33b334e5a93554c3c583825c33025d8e8336', 'marytrenta@hotmail.com', '2020-04-08 20:12:12', '1983-04-04', '2fe87875d43c07061fc2d27b47aec2fe'),
(227, 1, 'Romina Beatriz', 'Marin', 3, '26366813', 1, '793c2fa2b652381579daec18c107a54d7e6c8b25f24a47893c042a1586d4bc7a', 'marinromina@hotmail.com', '2020-04-08 20:33:20', '1978-01-13', '949da17034cf703b5a77965cb775eb77'),
(228, 1, 'Carina Roxana', 'Aguilera', 3, '22059644', 1, '45ac7cd6c30cfbb0d85a1aa9735bad17c52ef47e5d0948821d00d6baca4249df', 'aguileracarina@yahoo.com.ar', '2020-04-08 20:34:14', '1971-06-05', 'c41160c63a347506adeb6d3167d0bb61'),
(229, 1, 'Asunción', 'zerbini', 3, '6727201', 1, '1dd5ae79643ef89d01b7f042800172d754d78c6d04ec47e0ae7071478cab75f6', 'esc_azerbini@cnmza.org.ar', '2020-04-08 20:42:20', '1951-01-03', '764995a57a0827ee0a8d29bcda63c913'),
(230, 1, 'SILVIA', 'CERVÓS', 3, '12233626', 1, '11de5c16b0b9292204a240561b7dc7c910e7c981fb3b542449c2fe612f55ce26', 'silviacervos@gmail.com', '2020-04-08 20:54:14', '1959-06-11', '96737493990003ddeea3afad5cb9395a'),
(231, 1, 'Pamela', 'Montiel', 3, '30202866', 1, '865f80af691d4316a24c944d4c2becd69f765f35a37d75baecea5b51107268b6', 'pame.montiel@hotmail.com', '2020-04-08 21:00:04', '1983-07-18', '9df1227458a937c34fdb18ce6ff0d415'),
(232, 1, 'María Eugenia', 'Maggi', 3, '31466374', 1, 'b4a0510ecf330e50dd3965c378247069dd800b0789c98028cff3eebd7bf3a464', 'escribaniamaggi@hotmail.com', '2020-04-08 21:00:06', '1985-02-06', 'd0513b93e1db9d98ae6dceaf48896344'),
(233, 1, 'Adriana emilce', 'Arrigo', 3, '29222516', 1, '3de8dddcd179b10b8333ee77de4821c590d169ddfea015c325f1c7e6d606d9d1', 'aearrigo@yahoo.com.ar', '2020-04-08 21:01:11', '1982-01-19', '1b05e61a07b2e7dd8167f906bb16a8ce'),
(234, 1, 'MARIA DEL VALLE', 'STRALLA', 3, '25628315', 1, '39985751a71eb407ce3404ed411f705984cfc5d65036f82c107421601f87f008', 'mdzmaria@hotmail.com', '2020-04-08 21:03:53', '1977-01-22', '9b2e76f72d4631f5a9f74ad306134631'),
(235, 1, 'Federico', 'Picon', 4, '28475367', 1, 'd070d192081eecddcce55934ad99a5340471408a3095dc2bfb87288891f52cdb', 'fedepicon81@hotmail.com', '2020-04-08 21:04:26', '1981-03-03', '30fad0b5a5f603022fff08cdca020814'),
(236, 1, 'MARIA INES', 'MOLTENO', 3, '28411449', 1, '3927548ee70b034431d46b6a9310d4d108b8a9674bdf6d08eee0df53142e6907', 'mimolteno@hotmail.com', '2020-04-08 21:11:02', '1981-02-04', 'c3e286fb5b773959356860c9fc4eb128'),
(237, 1, 'Jorge', 'González Barón', 3, '21917059', 1, 'db751dc25cb01c199b4e01c8a3b952b6a075a320d0a2f8aea1d1e0851c168e46', 'escribanojgonzalez@gmail.com', '2020-04-08 21:14:02', '1970-02-11', 'bb13f930fc8ba7e6f93debe81d49cba8'),
(238, 1, 'Cecilia Gabriela', 'Cruz', 3, '27267858', 1, 'b1d084be4c201eea5ea31cd2caa2ee55c65e2e1741972da185fad560f2be757a', 'cecicruz_709@hotmail.com', '2020-04-08 21:22:24', '1979-11-09', 'f9d13752b92e580cb437842e5649ee87'),
(239, 1, 'Maria Pilar', 'Sanchez Mendoza', 3, '29385883', 1, '32a715ad0e310e0b212ff84cb09d321d0f55862c802c6576d95b84998e1cff67', 'sanchezmendozapilar@gmail.com', '2020-04-08 21:24:22', '1982-11-26', '94da5d57008adbf15dadaff62b7cbc13');
INSERT INTO `users` (`id`, `rol`, `name`, `lastname`, `idprofesion`, `dni`, `active`, `password`, `username`, `creation_date`, `date_birth`, `token`) VALUES
(241, 1, 'Giselle', 'Gonzalez', 3, '33649631', 1, 'f9091b0bdb8885619512fa3317ceeb23167356947934eff184a7381da981efbb', 'giselleg145@hotmail.com', '2020-04-08 21:35:07', '1988-05-14', '6780459538592e5b786a04406a2b911e'),
(242, 1, 'María Paz', 'Quevedo Sarli', 3, '37518041', 1, 'e8b30bae04692212183928220e89ac875333f1324fce361afd0db2a7a93fa3db', 'mariapazquevedosarli@gmail.com', '2020-04-08 21:49:07', '1993-06-08', '56fb9c78d9378e89b996341dc293ba4f'),
(243, 1, 'Belkis Melina', 'Espina', 4, '31288644', 1, 'b78748dbdf7aca6d6e154d72380c3ffe9888712cf131cca290d49619f40b86b3', 'melinaespina@gmail.com', '2020-04-08 21:52:26', '1985-08-02', 'aca42529e32c1c6dd7404b0e2a48e618'),
(244, 1, 'Mercedes del Rosario', 'Hidalgo', 3, '28466552', 1, 'a36417d403efba7aed7f077ed984015c2421e7302a98cfc9d19decffa001bc12', 'escmercedeshidalgo@hotmail.com', '2020-04-08 21:53:57', '1980-04-12', '0b987ba7f3711b54f7eb57e5a24a3920'),
(245, 1, 'Natalia', 'Nesper', 3, '29309053', 1, '6ff3f4e39ca659389fbcb3d0a43601c9b8ea2807c80f1901613f0daaf6000561', 'nesnati@live.com.ar', '2020-04-08 22:03:43', '1982-11-02', 'c2cb9a8501cb70d0c6c192e4ab67890d'),
(246, 1, 'Vanesa Elizabeth', 'Domínguez Pizzuto', 2, '31601173', 1, '5f1db5bcc00f7f2ff2ffad6edf68a0a2fab6d85146fb963c1daa74e40bd18391', 'dominguezvane@hotmail.com', '2020-04-08 22:10:44', '1985-03-04', '26950961f6144995d05fcad4ea868d51'),
(247, 1, 'María Elena', 'Richardi', 3, '24973495', 1, 'eb7391bc90db618aeb234bfdbe3be8b6ea987266c77c799b2f91c0638440d879', 'escrib7richardi@hotmail.com', '2020-04-08 22:25:31', '1976-09-07', '9364c72025fb325641c3c00d002385e2'),
(248, 1, 'Aisha Paola', 'Errante', 3, '27765833', 1, 'dc4ffa1dfe72ad4aeadadde70b577314fbd5daca0896a8aa3b780e925ad38f9b', 'escribanaerrante@gmail.com', '2020-04-08 22:28:42', '1980-03-06', '8d55079638ce8a2fe16ed7dcac3bbfda'),
(249, 1, 'María Laura', 'RODRIGUEZ', 3, '29671992', 1, 'd35981ea18db2a83421d83d7f5ab06efead1b35be0c31433d1ab76e9bd713835', 'notariamarialaura@gmail.com', '2020-04-08 22:33:06', '1983-02-08', 'ff3d8ab0bf6c06a9fbc63ef96f4c9480'),
(250, 1, 'MARIA GABRIELA', 'ALVAREZ', 3, '21911595', 1, '8bb0cf6eb9b17d0f7d22b456f121257dc1254e1f01665370476383ea776df414', 'mganotaria@yahoo.com.ar', '2020-04-08 22:53:43', '1971-05-22', 'a793f94af10a0b8af4cad5757651b609'),
(251, 1, 'natalia soledad', 'mainero', 3, '28893115', 1, '313004137fa0c9ec75a689657dcadbfd466e9308efdc1289005dcb1bf68dff45', 'natalia_mainero@yahoo.com.ar', '2020-04-08 22:55:16', '1981-09-30', 'd9a457e78aca78ecc31e91fafeab8d51'),
(252, 1, 'Carla', 'Sallei', 3, '34993720', 1, '8889ccc8e5bc1ffa7dfb53741ef7bcbf17dde896589337064ee068e9a0f1f6af', 'escribanasallei@gmail.com', '2020-04-08 23:02:34', '1990-02-01', '231c6cf9f573fd9e2874d733550022f9'),
(253, 1, 'María del Carmen', 'Del Vecchio', 3, '12287601', 1, '6d2306362d50007ce612f6264d247967d42a64aec1b0af5cdac7479b8af71cf8', 'mcdelvecchio@hotmsil.com', '2020-04-08 23:12:18', '1956-08-08', '2ce50d83e8c52751eab22f62b048b517'),
(254, 1, 'María Verónica', 'Raina', 3, '27529622', 1, '3460d68d2be909ee4a6af62642257649574bb75261ceeebef044aca2b052b88f', 'escribanaraina@yahoo.com', '2020-04-08 23:18:13', '1979-09-07', '06dac21666e7daceccff89b5817d06a6'),
(255, 1, 'María Verónica', 'Raina', 3, '27529622', 1, '3460d68d2be909ee4a6af62642257649574bb75261ceeebef044aca2b052b88f', 'escribanaraina@yahoo.com.ar', '2020-04-08 23:25:13', '1979-09-07', 'c652604fbce7566843ccd699cb766dbb'),
(256, 1, 'Silvana', 'zammitto', 3, '28928032', 1, '1dd5ae79643ef89d01b7f042800172d754d78c6d04ec47e0ae7071478cab75f6', 'silvanazammitto@gmail.com', '2020-04-08 23:49:39', '1981-06-15', 'b967a117d4f9aae10134872a915b1e3f'),
(257, 1, 'Graciela', 'Vázquez', 3, '21809256', 1, 'cb1e98f442d572425406809f05e6428e9d02b9249571428cd9c9af14bf5e9ed4', 'graci_vazquez@hornail.com', '2020-04-08 23:56:41', '1973-01-12', '546928282c6baa3f87eb9ebc84337cfe'),
(258, 1, 'María Cecilia', 'Oliva', 3, '28793033', 1, '4c6e4c0b642fdfea826bd45b6c54db775fe28d6f499523a7bfb6fee01e029d5c', 'escribana.oliva@gmail.com', '2020-04-09 00:07:28', '1981-03-08', 'af602bba24d48abd039942500a01a6d7'),
(259, 1, 'Carina', 'Nuñez', 3, '26361026', 1, '1cf944ad6bd44f5893cdf7dc379c1fd0da3b03f288f005c1ccc0a80bc26b56ac', 'carinagn@yahoo.com.ar', '2020-04-09 00:12:44', '1977-11-30', '85f06dae15d04d75dbd930b60144d1ad'),
(260, 1, 'Natalia Soledad', 'García Garavano', 3, '27369927', 1, '1bea1ce0a841bbe639b12990fa349fc21dc0c4eed7ff7d07379425290c451d4b', 'garavanonotaria@gmail.com', '2020-04-09 00:17:21', '1979-05-14', 'c304187a8f302757bca9099dcf2c36cf'),
(261, 1, 'Natalia', 'Crescini', 3, '27266407', 1, 'e80f810d4b286c79314acd9ea95db4ae22d4989e4f71e09d06d39243b502899e', 'escribana_ncrescini@hotmail.com', '2020-04-09 00:30:13', '1979-04-17', '91f12561a97c84256a7a23ffef695a0c'),
(262, 1, 'vanesa', 'cucchi', 3, '28267339', 1, 'cc7668ae305ef83b4654363c147e4c0a677361e69893e9cbca44b1c6346c3588', 'vanecucchi@gmail.com', '2020-04-09 01:02:14', '1980-01-07', '1f7b3da6e864eef76bbe718a53fb7b0a'),
(263, 1, 'Roxana', 'Funes', 3, '26097261', 1, '62248625fa8f872fa07cbf5a13217fc30bcd1dd2163b2e9a97a98f8b6b03171f', 'escribania_funes@yahoo.com.ar', '2020-04-09 01:30:06', '1977-05-11', '492067942296106a9ca55b33eb61f7cb'),
(264, 1, 'FERNANDA', 'ESPINOLA', 3, '23190148', 1, '6a7806ee1830e2bbbd6c5755eee0c9f30dae1d7483d5c26ca5e4e2e1db62bb3b', 'espinolafernanda@hotmail.com', '2020-04-09 08:10:56', '1973-09-03', '47059db37d22b7ea781c4e6534ee0ddd'),
(265, 1, 'Silvina', 'Palmieri', 3, '27596238', 1, '625e236c29ec2d622a04978beb18ed0c3ef43cefcbf8b3643460f2bdde7770d1', 'escribanapalmieri@gmail.com', '2020-04-09 08:38:16', '1979-08-29', 'b00d31a5ec55ca1df03c09733cc9620e'),
(266, 1, 'Jimena', 'Vendrell', 3, '26331053', 1, 'a873a120aaf8a325d32ccc24adfaf5b169a08818572c979df1674005e1cdac24', 'jimenavendrell@gmail.com', '2020-04-09 08:44:07', '1969-12-31', 'd981065ba505bea6275e6539f4e574ad'),
(267, 1, 'Cecilia', 'ILARDO', 3, '17948086', 1, '6c96bfa6deb4dceb3a66a0ae82a8010eec3da8531cfa91654a695ed0d253b710', 'ceciliailardo@yahoo.com.ar', '2020-04-09 09:11:47', '1966-05-31', '9f39c8063be9feb140931a0969c3185a'),
(268, 1, 'Maria Valeria', 'Cascone', 3, '29538030', 1, '94596eb0cd0a3bbb2b1c599b7b31ee50d84cf11c42ab6d8a7edb508cbf307126', 'mvcascone@gmail.com', '2020-04-09 09:28:49', '1982-06-11', '15e881f3b28c895ecf06df3bdaaeeed7'),
(269, 1, 'Maria Eugenia', 'Basile', 3, '25622349', 1, '81ec9809b4536a02cfc700bb26b159c23ea8d563af87c6d588a3d292902c096e', 'esc_mbasile@cnmza.org.ar', '2020-04-09 09:38:49', '1976-11-10', 'c41dd820c5e5f99d8e66c87f07026ff0'),
(270, 1, 'Marta Yamila', 'Navarro', 3, '25353297', 1, 'f5ee2ed15935f675259d8f245e9e80239a32c605cf9bab1ba302c9f087c14c85', 'navarroyamila@hotmail.com', '2020-04-09 09:43:16', '1976-10-11', '4e49dd4005add34382f729be094f29b6'),
(271, 1, 'santiago', 'suarez lago', 5, '37513034', 1, '86215c317c34d4be3555e0d4d22528d1f60494375be9af8efcbc44534e64a8aa', 'suarezlagosantiago@gmail.com', '2020-04-09 09:55:47', '1993-03-23', 'd43ecbda2ce6a287d18b4168aa463c53'),
(272, 1, 'Fernando', 'Massarente Tohme', 4, '31028635', 1, '00490d7cca702f340296ad96c5e6d1964768ba4897fa62016873957e1777ddd6', 'tohmefernando@gmail.com', '2020-04-09 10:06:58', '1984-06-25', '24d423ec548f3a936273bfaaec0b1132'),
(273, 1, 'VALERIA ALEJANDRA', 'LANA', 3, '28399255', 1, '5d50091b27f40a2b5dcabc62910082c86ef5eaf08cec2829bf084b5ce2536a72', 'valerialana55@hotmail.com', '2020-04-09 10:39:56', '1980-12-09', 'ac1bf7d07f63b9376431a693b7ba69c8'),
(274, 1, 'Esperanza', 'Whitaker Mercado', 4, '32797350', 1, '0bda0cbd79c0bbb21cd778258416c54d649401ee20f0a0e9eded7a42b482327f', 'esc.whitakermercado@gmail.com', '2020-04-09 10:41:20', '1987-04-01', '4266e784746855d94b8f223a14d41c4b'),
(275, 1, 'Lorena Elina', 'Kragacici', 3, '23731457', 1, '1092d18f060c7b17bb827e795d5d1e3517654141452a7043aecb9151ff6997ef', 'lkragacici@yahoo.com.ar', '2020-04-09 10:53:20', '1974-01-09', '1d261cc52ec1953cea8d09cb17a021e9'),
(276, 1, 'Maria Adela', 'De Rosas', 3, '17640167', 1, '26c8c33b93063716abf84cb0aee1da2e333d3b6ddb90c2310d212e8cfe5271e9', 'escribaniaderosas@gmail.com', '2020-04-09 10:59:09', '1965-11-15', '56455ef2257284decb4e501a3d745ba4'),
(277, 1, 'Ruth', 'Larraya', 3, '14428280', 1, '4a5fddbfc00035a0cf62c84cbc21e22b776d76284393cd8f251f560cad679281', 'larrayaruth@gmail.com', '2020-04-09 10:59:16', '2061-04-02', '0fd7b0e444ad811a9e146d40af76d56a'),
(278, 1, 'MARIA GABRIELA', 'MORAY MUSSIO', 3, '21568511', 1, '17c3c85d22b98f865f7341d756830e337c3f8325c6596a24c4071e9cf37b4e24', 'gabrielamoray@hotmail.com', '2020-04-09 11:09:32', '1970-04-06', '241d46f6f2888aa7a84808b5256d0d96'),
(279, 1, 'Maria Jimena', 'Manzanares', 3, '27090883', 1, '129895ea29d89807603e88344c6d2d28411fbe0aeef22713f9ab59eca5d0ea04', 'escribaniamanzanares@gmail.com', '2020-04-09 11:14:52', '1979-02-26', 'ac231d7ef6a0b2141b68ae16d75ec6db'),
(280, 1, 'Ana Maria', 'Fainman', 3, '13396161', 1, '5903308a69511ee04856f08d4c932dca7287a504321df1c9c81e5c294031c8cf', 'anamariarerda@gmail.com', '2020-04-09 11:24:14', '1957-01-07', 'eca71e30757d9007456e6759a3163e2a'),
(281, 1, 'EDUARDO ROQUE', 'GRANADOS', 3, '14582188', 1, '1af50fc0f1fddbefc7050640a920d046358453d8b7a124136d3d04899940fcdd', 'notariogranados@hotmail.com', '2020-04-09 11:44:16', '1961-11-04', 'e2819cf6e30de972a7e243ce79e76721'),
(282, 1, 'María Belen', 'Spanpinatto', 3, '31546694', 1, '51033aca19515c15a33fcd4f1b059a947b72718e958b5d77e4a1c56e97ba5aed', 'escribanaspanpinatto@gmail.com', '2020-04-09 11:48:44', '1985-05-23', '317a41f64ce1c630e285c6482b35aa56'),
(283, 1, 'veronica', 'galli', 3, '27519379', 1, '014fa37757940c7f8f613b0d8fd411b95ef293dd5211780196167cdeae828347', 'escribaniagallivacotto@yahoo.com.ar', '2020-04-09 12:07:12', '1979-09-09', '0908a86e5545d9d95eb25a9368ed9893'),
(284, 1, 'Andrea Virginia', 'Manno', 3, '27509874', 1, 'dc9a7b7dc8d1ac15e22b40283c251e9edcbcda3ff16b512f9546c0f587c1d5c7', 'andremanno@hotmail.com', '2020-04-09 12:16:28', '1980-06-14', 'eed13f20831c9b784df12a417c579739'),
(285, 1, 'Nadya Soledad', 'Ragusa', 4, '34232889', 1, '31793af51d98b19156c99d9eee9d6918e1d765c380be90e1c163391f2fab3a7e', 'escribananragusa@hotmail.com', '2020-04-09 12:24:24', '1988-03-12', 'fb420bab0ee241650290c91434a01f43'),
(286, 1, 'adriana', 'deinhardt', 3, '12162225', 1, '25a1460cfbab64834809bf8d03615e16ff7b16aef435735d49c14aefcbdd851c', 'adeinhardt@rodriguezdeinhardt.com.ar', '2020-04-09 12:39:45', '1956-03-11', 'fb2b35037a16b1ac34f98612c112e781'),
(287, 1, 'Rosana', 'Zaitone', 3, '17022013', 1, '449f84bca905c7036c951b7d3745cb71cf93464b4e6aa4c11668c293a68c033a', 'zaitonedezanghi@speedy.com.ar', '2020-04-09 12:47:32', '1964-12-08', '96d2b995ac91532e30871471a30055c6'),
(288, 1, 'JUANCHO', 'ROSALES', 3, '25584703', 1, 'd30ce883308eb8ce67dee1b152b1935110165114aabde7ea0d1a42c08328ce8e', 'juanmanuel.rosales@gmail.com', '2020-04-09 12:48:04', '1977-06-10', '83b84ecbc919829ca0bfbd328a4a867d'),
(289, 1, 'MARIA LAURA', 'LEMBO', 3, '23596910', 1, '64320e490d27488e233723b087acf007f52c074949700c90f7c7f3cd5bc6066e', 'escribanalembo@gmail.com', '2020-04-09 13:15:59', '1974-01-09', '02c547ae35e50d895a163eb9f0d7bf84'),
(290, 1, 'maria marcela', 'ruppi', 3, '17568120', 1, '3f426f4451da2c5b0a42632876043038b47d171c28799ea9c8cab0e3e7e6999d', 'estudioruppi@gmail.com', '2020-04-09 13:25:39', '1966-02-02', '92d59e0b193f2357357f839969a05b50'),
(291, 1, 'jimena', 'porolli', 3, '27350514', 1, 'b0b184c485cf2352a9aca11aadc61cb7fe769fedad3c033ae75fad9d40851d0a', 'escribaniaporolli@gmail.com', '2020-04-09 13:27:48', '1978-05-09', '065f2df52b7b8ed6d66b3970bc6382cd'),
(292, 1, 'Jesica', 'Heinzmann', 4, '35463111', 1, '265f63552b189e204b907b9628c7a653c7b0b52466cce70ff6f2a3e550bc89a1', 'escribanaheinzmann@gmail.com', '2020-04-09 13:51:55', '1990-07-14', 'd4df293e073ea626bf82e99bcfce237c'),
(293, 1, 'Agustina', 'Boncini', 1, '34312778', 1, '622495d815c75ab07d4a8a61a3ff80af905c1922af37fafdbe4b4a3932043902', 'agusboncini@hotmail.com', '2020-04-09 14:41:44', '1989-02-05', '0983b72e351dcad1702dd2e2ecb92ff9'),
(294, 1, 'fernanda', 'carrascosa', 5, '11091889', 1, 'b4a9727375d54e54266866b5c27a698aa32015ff19f51f5304eb806afbc141b8', 'fernicarrascosa@gmail.com', '2020-04-09 14:54:19', '1954-04-07', '0a20c0e1a7e6bb6b1ce30e92ccc65f76'),
(295, 1, 'fernanda', 'carrascosa', 5, '11091889', 1, 'e31e1c3602c320f61686dc150a6b1840ddb2f2c2e1f08b7aa9ae630545930e81', 'agranata@nysnet.com.ar', '2020-04-09 15:03:12', '1954-04-07', '2171fa4b61f1ba8e9ce0073730b8a979'),
(296, 1, 'María Jimena', 'Lopez Fernandez', 3, '25782925', 1, 'c421645dbb5304241efd2694ac45874b3659256990dd0274c84d517853f92e0a', 'escribana_jimenalopez@cnmza.org.ar', '2020-04-09 15:24:38', '1977-02-07', '34e4e6e502773914255bebcea40f2547'),
(297, 1, 'ANA', 'MANULIS DE CAMSEN', 3, '12609101', 1, '36eff028d6e1be2de409b72463fab4385a71d2754021dd14a14324dde1822677', 'anamanulis@yahoo.com.ar', '2020-04-09 15:45:47', '1956-02-11', 'cd558abc9ac2ca6b417fdea2eb6aac3e'),
(298, 1, 'MARIA DEL CARMEN', 'ZANNI', 3, '13396055', 1, '28f96e153bc6c236917a9a5e2322ebe6af0928735944e2b897fdff5050179da7', 'esc_mzanni@cnmza.org.ar', '2020-04-09 15:55:55', '1959-06-06', '5639e605dbdedb6ee3fabc296e312402'),
(299, 1, 'Marisa', 'becerra', 3, '21863612', 1, 'd71e655dd01c7a7a5ddb5fc563d924aa1c0dcf1115130d18b8ca8fbca1acbbf7', 'marisabecerra70@gmail.com', '2020-04-09 16:18:34', '1970-10-17', '756dc302ff6e1abfd06ffebd6270ba6f'),
(300, 1, 'mariana carla', 'grassetti', 3, '27369787', 1, '5b9fbfa59076e1f7c7dcab518f1353d0f6dec08b630f7fc9fe4f76c0981c9ded', 'carlagrassetti@live.com', '2020-04-09 17:29:22', '1979-04-05', '57055a418a586c3fafe5bdd7bbf9b8f3'),
(301, 1, 'Miriam', 'Linares', 3, '26681500', 1, 'e1fb62117fbc700f8a1d31e9bdca2d642c850cd274fb304efdf0418b48655143', 'escribanialinares1@gmail.com', '2020-04-09 17:35:34', '1978-09-14', 'd6d53538b1b0125bc0ce5b5c9e8e1943'),
(302, 1, 'Natalia Andrea', 'Giamportone', 3, '25620166', 1, '96f4737efa9232bf5a2b991d20d82105e707e31c62e1967281c3e91b9c3ee3a2', 'nataliagiamportone@hotmail.com', '2020-04-09 17:51:03', '1976-11-11', '3a5932d33016639af66dcf7cfd7a09f6'),
(303, 1, 'ileana gisele', 'ariza', 4, '34914919', 1, '432dc4c47cb73c8c4a783ba55fb8359444ff9ebccb0e96f48fa715a36d8e8a02', 'arizagisele@gmail.com', '2020-04-09 18:23:32', '1990-08-02', 'ad2f40d16087e37ccc2c16ea884119e8'),
(304, 1, 'Ignacio German', 'Buere', 4, '32627998', 1, 'a02851fb242ad5699e146d9c1ea24cd2560c3b636fb716a7e424465e2d193787', 'ignaciobueremora@gmail.com', '2020-04-09 20:02:25', '1987-02-18', 'b07d9f81e0494d5eea2caf84e11c5abd'),
(305, 1, 'Maria Fernanda', 'Nuñez', 3, '25352561', 1, 'eb03af47778f27f860b1ccc17bbe6998813eede50641c22ecc2351b330df4882', 'mariafnunez@hotmail.com', '2020-04-09 20:18:47', '1977-11-04', 'a6b14be6ebb6f37812a8a846da864f60'),
(306, 1, 'Agostina', 'Gilyam', 4, '37514102', 1, '4c51d0febb35bfb8a03e82773b393acb80f84646ed3b95ad41e01024dc715f00', 'agostinagilyam@hotmail.com', '2020-04-09 20:30:01', '1993-07-17', 'bca208e1fc7b7e77d3fadb41beee51ea'),
(307, 1, 'Mariana', 'De Oro', 3, '23340399', 1, '458025dc1a14b29f3ae58c70ba566899fd34a96932efa5b3b2a410b0b601d01d', 'escribaniadeoro@gmail.com', '2020-04-09 22:16:14', '1973-09-28', 'a8c7b09cad615b9dc9f0b40773edf81a'),
(308, 1, 'Romina', 'TRENOVSKY', 3, '29101516', 1, 'e978f3415f6e1ffd188952f3715518e0da93cc1c4c6472a2144d2917d49d8d03', 'romitrenovsky@gmail.com', '2020-04-09 22:40:26', '1981-10-09', '6423d38f8ea293d023d41aa5dbdd4ee7'),
(309, 1, 'Narella', 'Calcagno', 4, '36417683', 1, 'ba8e0af604c48da4b5c510988c2488ad557c46211efc6bca466822078d7e7e3f', 'calcagnonarella@gmail.com', '2020-04-09 22:55:58', '1992-07-02', '06add4bf4c9f72c4ccbb73d3b7ebeb08'),
(310, 1, 'Maria Carolina', 'GOMEZ CARMISCIANO', 3, '24983402', 1, '832f9e4252d3f644b0cbc2c8cf7ff024fce55faff2bfb567fae5a0e2a4df4488', 'mcarolinagomezc@yahoo.com.ar', '2020-04-10 00:32:59', '1976-11-19', '8a173b197dd2791382fc12dd88e4d53c'),
(311, 1, 'Cecilia Gabriela', 'Colonnese', 3, '22559191', 1, '8c2cc6407fee222c87093739163812dc1f6321d2405cba49fe0347de29597485', 'gcolonnese@yahoo.com', '2020-04-10 02:38:04', '1972-09-11', '8d1fe01dc8487098b8ca5a586670d56e'),
(312, 1, 'victor elias', 'ojeda', 3, '24225261', 1, 'ac629c9c556ca00cb9d94dfb95edde66007ddaafd1e258b3fe722bd493e44b5d', 'ojelias@yahoo.com.ar', '2020-04-10 08:32:20', '1974-11-26', '92fe844bbd3f37208c3a21cf2862c55b'),
(313, 1, 'Patricia', 'Rolfi', 3, '92381549', 1, 'a629439817740882857dba9e70f58751c8a933a6beb12ba5b29a953f12e736f3', 'patricia_rolfi@hotmail.com', '2020-04-10 09:49:15', '1953-12-12', 'b906d8ac9c82cea5d4bf58790d028c05'),
(314, 1, 'MARIA BELEN', 'BACCANI', 3, '25793033', 1, 'afafb3e4a20e9b613591e0f0e57445f0dc10a1374f16b41a98327a67faf40192', 'belenbaccani@gmail.com', '2020-04-10 12:13:36', '1977-08-02', '9a8f188b4bc2258dc0fca6da6cad0cd9'),
(315, 1, 'virginia', 'matilla', 3, '28793152', 1, 'b0de0489541e06f989e054fd9dd8084008fbcc55291b41460f093aa27c8a0d07', 'virgimatilla@hotmail.com', '2020-04-10 13:34:23', '1981-03-04', '7ff1831cfa41c1a8ff262f23102fdc61'),
(316, 1, 'Ignacio', 'Tutera', 3, '33444707', 1, '9e0a71fe4e57a57e0fdf924c594072bbdb3ae273a3bd57ba1300a12eab638c9e', 'ignaciotutera@gmail.com', '2020-04-10 13:38:21', '2020-04-10', 'd9a8c566aa2b1758932921c0734a1b14'),
(317, 1, 'Maria Viviana', 'Bruno', 3, '17126555', 1, '2daf1383e363acb5323b4d2b1cc7854233cf8ab9287f768ee6cde7c9d8f03d27', 'mariavbruno@yahoo.com.ar', '2020-04-10 15:21:59', '1964-06-10', '05e3ccbeb94a26f57a78a04a73ab3127'),
(318, 1, 'Patricia', 'Rolfi', 3, '92381549', 1, '2e353e1171e1caca2a5cf6fa8e3fe65a4fe962e92762429edb26a6a49dce58ed', 'esc_prolfiderodriguez@cnmza.org.ar', '2020-04-10 15:28:08', '1953-12-12', '165c8769b60884540c8c2dc8ebd02fc8'),
(319, 1, 'ANDREA', 'VALDEZ', 3, '23311884', 1, 'cab95ee272916e7915bc48f75e7c0c2c7889948d61490af701a8eb2ebf1e2e42', 'escrivaldez@yahoo.es', '2020-04-10 18:26:43', '1973-07-07', '9e40d451b9bc30632f7e5e9a342edf65'),
(320, 1, 'BELEN', 'ALEMANNO', 4, '37622701', 1, '09b5059a9be43768066781d24c865c4c4c212671ed7ab67ac7a73924df52f640', 'belen.alemanno@hotmail.com', '2020-04-11 11:59:17', '1993-09-18', 'e6056a94a0127c53a9f39199f21d75fd'),
(321, 1, 'Juan mariano', 'Sanabria', 3, '26153505', 1, '3e65786af6329693d86717c54b37b3e7987bad70112bf25675cc6ebce245f43b', 'escribaniasanabria@gmail.com', '2020-04-11 16:41:46', '1978-01-11', '629971012d3391a969329d81def73c82'),
(322, 1, 'carolina', 'Brunetti', 3, '27662055', 1, '77390b6f51f01bc22e87acfb8c18aa318c660cc3eca3d2ecaced0f7760ff3f32', 'escribanabrunetti@gmail.com', '2020-04-11 20:57:58', '1979-11-10', 'a157a0322cedc4a592d63fbca80421e3'),
(323, 1, 'Maria Jose', 'Muñoz', 4, '33822317', 1, '6fed46502e9823fc5ee49067a5c82b7bd53bf5595252c0de52133816618e95e1', 'munozmariajose.mjm@gmail.com', '2020-04-11 21:46:33', '1988-04-22', '6963734aefb76a36c7ef0e9d6fab6508'),
(324, 1, 'gisela', 'moi', 3, '29875553', 1, '74f929fd5a9c9a3efa215f3119179774579e4830980aae099c9197f4ef222fd0', 'gisela.rotellini@gmail.com', '2020-04-11 21:48:18', '1983-11-01', '1287c94cd01bfcf2e50f425999144f01'),
(325, 1, 'Gabriel', 'Mercado', 5, '29939086', 1, 'dae2c4b8367d374ed71aade4a99d1356ec7bc7ab602da0d97dc39dc711a705fe', 'malakate@hotmail.com', '2020-04-12 08:37:28', '1982-11-26', 'fe61352099c07bd2a943faec7478818f'),
(326, 1, 'Federico', 'Salomon Passerini', 4, '37737255', 1, 'c0fc8c0cebe11799fc4f130d08c45b58dc3b1db82c8305de50aa433c5c166c45', 'federico@escribaniapasserini.com.ar', '2020-04-12 13:15:29', '1994-01-05', 'b3e063286445e85b186b42ce559dffab'),
(327, 1, 'Ana Laura', 'Arra Hidalgo', 3, '29974425', 1, '8f2c519844263853772e502c9de7ecdab4b6bf8e39a3eb850ad066de1dad9f1f', 'escribanaarra@gmail.com', '2020-04-12 16:21:45', '1983-05-05', '788a2751112e78a13405581e7b8aff75'),
(328, 1, 'Maria Eugenia', 'Piscopo', 4, '33275335', 1, '6c82fa1561d3ce31b41d1eea67a421fbf59d74e7c76ba0eae7ac7fd06e62fde4', 'eugepiscopo@hotmail.com', '2020-04-12 20:14:13', '1987-09-19', 'c9e692cc495ee24fb734f58969c7e0aa'),
(329, 1, 'Daiana', 'Soto Perez', 4, '36513595', 1, 'b771b619a1e66cc2cbce0a489e3c363ee7b7f2c8de737ef2c94bc49efd07b7c5', 'daianasotoperez@hotmail.com', '2020-04-13 00:55:55', '1991-08-29', 'd7f7356b26ccaaa4efcd4ac44b9f0182'),
(330, 1, 'Josefina', 'Bunjeil', 3, '17573157', 1, '73b2e761d9a7bc7c9f8a7877509fc29e084ea97673d1f339c8504ced73ad7c26', 'escribana348@hotmail.com', '2020-04-13 11:16:41', '1966-03-19', '5b4dc73d8a600cb4aad4f7a602e698ad'),
(331, 1, 'MARIA VICTORIA', 'MOLINA', 3, '31286061', 1, '37d55732d780f4b4d5178f41a9699524f1a3473c08139534af17183c405755d3', 'notmvictoriamolina@gmail.com', '2020-04-13 12:59:21', '1984-12-17', '42e4fefc265425b8b9b74f28e749562c'),
(332, 1, 'Esther Beatriz', 'Carrasco', 3, '18012094', 1, '24614b25f7fa668e6ecb1ca4adc6816c0c7e991680f2925356d4e3fb0fc93dba', 'escribanabcarrasco@gmail.com', '2020-04-13 13:31:01', '1966-10-28', 'f7e85defba1280ef25fa07d0014b382e'),
(333, 1, 'cecilia', 'imburgia', 3, '23159423', 1, '3a1699c3dfa8ccfee23c5166ac7cd609309736dd4c78f011b9973a687e3022e1', 'ceciliaimburgia@yahoo.com.ar', '2020-04-13 13:36:20', '1972-11-17', 'cf40c9e5df6258176a349997bd17f823'),
(334, 1, 'Alejandra', 'Ochoa', 3, '25964783', 1, '3b4efd8faab36911bfa76023c6dc4ac8677b8ce240c43e1208e72561c32755a1', 'aochoa@escribaniaochoa.com.ar', '2020-04-13 14:23:59', '1977-06-05', '401c01c2d640f482e91f200272a42d70'),
(335, 1, 'Romina Lourdes', 'Montes', 3, '26681333', 1, '95566153845c3957390c752baa1ff46d9ed1de9673527ec1bec56ffbbdff9594', 'romina-montes@hotmail.com', '2020-04-13 14:49:22', '1978-12-08', 'cd775698818190641f398c60b2cf15e8'),
(336, 1, 'maria', 'genta', 3, '24893612', 1, '7507681a40b4150a861d3f642aa2659876700aa5e73920661b138a7dc4618bfd', 'mariagenta06@yahoo.com.ar', '2020-04-13 16:11:40', '1976-06-01', '1c4a638d9eadf895b4bdb6fccb14d0e6'),
(337, 1, 'Noelia', 'Fama', 3, '26779180', 1, '3f30327ec002c9ef4aeac9c2f4bde139216262de7dd14a931bf0a0b4c0c3817f', 'noefama@outlook.com', '2020-04-13 19:10:30', '1978-09-14', '898ec053614f52ba0123055705f425a4'),
(338, 1, 'Agustina', 'Gallart', 3, '36417126', 1, '2d7baae2f1774bae85b0c3427c70aaad3f2c168dbad1f3917b3f4e73f8fc783e', 'gallartagus@gmail.com', '2020-04-13 19:14:57', '1991-10-26', '0948d296ace1b82a38952e3234833533'),
(339, 1, 'Paula', 'Guzzo', 3, '29974120', 1, '59cd6bb8acbad8c186f216688214cce95fcb75e4c1d937a636ba51f8927de848', 'notariapaulaguzzo@gmail.com', '2020-04-13 20:39:58', '1983-04-22', '85345bfb913d6afe7a9de8fd5beac118'),
(340, 1, 'Yamila', 'Nahin', 4, '35937443', 1, 'cd22ba9db8899d4c580ccc80528ed51db582f1bb801d75b3898715fb4cd6c0c0', 'yami.nahin@gmail.com', '2020-04-13 21:52:56', '1991-05-04', '289065a75082ba5c2c386b772d7e2b9d'),
(341, 1, 'Sabrina B', 'ojeda carribero', 4, '30418426', 1, 'f41ca578d584418ca93a300eedc9bdcc2dd961025911099d73031fa6c58c1739', 'Sabrioc@gmail.com', '2020-04-13 22:46:15', '1983-02-11', 'b30524e679010028fdf6165f3072c9ae'),
(342, 1, 'Julio', 'Kancepolsky', 3, '24245888', 1, 'fe68a21fc76bba7b3a3d8e454eca8cd258de68fd08dddf035f23ddbdce6fc049', 'esc_kancepolsky@hotmail.com', '2020-04-13 22:54:54', '1974-11-21', '265b366d98bb875fb39f656af8b323ee'),
(343, 1, 'LAURA', 'AUDO', 3, '30297145', 1, '0552781ac64e875e2e3c76bb0bb87cfd9bcc4dc5187d0bc2eb66cbfd76dc0c3a', 'esc.lauraaudo@gmail.com', '2020-04-13 23:20:49', '1983-06-30', '4b5ddba7a142410dedba0c794c5cacb6'),
(344, 1, 'Mabel', 'Bagneschi', 3, '13633581', 1, '7868a7615a4828993d92f04523cc1828e4e56efb421d29a26a1fc056cbccf2a0', 'mabel.bagneschi@gmail.com', '2020-04-13 23:34:28', '1957-05-10', 'efbe0b1df28c813619588fff1bde536a'),
(345, 1, 'Carla', 'Giromini', 3, '28774128', 1, 'e408145e7fc3f031d5aa3b08710d0eddabf61cb11864822af9b16b92c0c9c576', 'carlagiromini@hotmail.com', '2020-04-14 00:05:27', '1981-04-08', 'abb65713ab9defa29bbda322d7b0f34a'),
(346, 1, 'ANDREA NATALIA', 'DONADEL', 3, '29561783', 1, '21c2f7da8ed18063af40403392355f8621a7d7d993224a307cea6f77ff2a9d50', 'natidonadel@hotmail.com', '2020-04-14 00:08:19', '1982-10-12', '966a91a8930200964efb8328b11e947a'),
(347, 1, 'Eugenia', 'Mastronardi', 4, '35925177', 1, '9f7a781be5a397abfad21e5489207e8d202a9b42facc5e826172ba8c2d711ade', 'eugeniamastronardi@gmail.con', '2020-04-14 09:08:21', '1991-04-05', '9b6c0810b499175c63e2fdb5a12f6544'),
(348, 1, 'Lorena', 'Martin', 3, '25724826', 1, '3b7b20a42272008c430d18886539dbf66be0c098bd1be00f3a322b2e104f1eda', 'eqslomar@gmail.com', '2020-04-14 09:13:04', '1977-05-24', '1a4f4323a0521f73554db8ffed4a6ce3'),
(349, 1, 'Agustina', 'Tosi', 3, '34747491', 1, '902fb026a5f4d84bd1a80ac07c427d364e342c7a7b7e6ee043034071ac4ebc4b', 'agustosi@hotmail.com', '2020-04-14 10:23:01', '1989-02-11', 'eec9dda1891c350fee3497e27620dd44'),
(350, 1, 'Silvana Esther', 'Mora', 3, '12841548', 1, 'b89af49d47db7eb2fd24fa71fc1acf1da3c64e0b8ac8f6a116454d139e9e7c14', 'smora398@yahoo.com.ar', '2020-04-14 18:03:59', '1958-11-15', 'f8f5fe7bb66c2074fafafcf1705ceb32'),
(351, 1, 'Beatriz Liliana', 'Mezza', 3, '6555676', 1, '7a962f3320bc880e1db3282ce8808f226a977844c723d2c241f985dffaddc2bf', 'blmezza@hotmail.com', '2020-04-14 18:05:27', '1951-09-14', '5047affbdd961ee7a35b2c8c1b614394'),
(352, 1, 'Cecilia', 'Carleti', 3, '23062612', 1, 'bf4225c06bf983ce2f1c74d3dbf584d6220e9b322ded21704b87caf894a9aea2', 'ceciliacarleti@yahoo.com.ar', '2020-04-15 09:29:15', '1973-01-03', 'd3228797de0eca716522ef1b7b10eed2'),
(353, 1, 'Maria Florencia', 'Iacono', 3, '26751241', 1, '53da987cd66a6e0f10c565dd31ae7427acefab186cb8585dacfe23ee35d81b9d', 'floriacono@hotmail.com', '2020-04-15 10:25:05', '1978-08-05', '061355a90e1a40fb67d48aa8e0f4ce1d'),
(354, 1, 'Lorena', 'Parodi', 3, '28979076', 1, '11eff6b03763b6dfa6d7d855935afc2d9d23c7f7bb1fece1a6943100fed5427e', 'lorenaparodi@hotmail.com', '2020-04-15 11:50:43', '1981-08-02', '03d27b5db29179121855b7d3889c368b'),
(355, 1, 'CAROLINA', 'MOYANO', 3, '26936219', 1, '7717b115de0f718866997d251da7b43ef65b6e2ac37b847164fd724d222840d5', 'carolinagmoyano@yahoo.com.ar', '2020-04-15 18:53:15', '1969-12-31', '290180c7b9a19b30044995c786af425b'),
(356, 1, 'NORMA GABRIELA', 'HERMANJAT', 3, '29538594', 1, 'a1d9aca60bc687b3a39fb8d53b81182f9e76e6ccecf539d127ffe6ef319e9a55', 'gabihermanjat@gmail.com', '2020-04-15 20:04:28', '1983-03-07', 'ef105482b636c1d470b7fb139d4e61f1'),
(357, 1, 'Silvia', 'Palumbo', 3, '16720223', 1, 'f74fb0da81cb98ae770c3946b0b3256eff976bfa7917855a2429cad136a9aadd', 'escribaniapalumbo@gmail.com', '2020-04-16 15:37:17', '1964-03-24', '81c0a6af92cfcbe2f6c4ad0fedc368ad'),
(358, 1, 'Josefina', 'Vottero', 3, '38752067', 1, 'e70398943c6f46895c4bfe1abbd3a58b03935842f5499d6a8d10ad9b7a1c7671', 'v.josefina@live.com', '2020-04-16 17:35:51', '1995-03-24', 'af602a6fe47dd8604eebe32b03c7cafb'),
(359, 1, 'Constanza', 'Pringles', 5, '27082501', 1, '1a2e5f5760db27abaf4d91d654c02e18868b2cf8b45946e487d0e397c95663f2', 'cotypringles@hotmail.com', '2020-04-16 20:39:39', '1979-04-02', '6bedbb6f18d9b9482012f7266e46217e'),
(360, 1, 'Leticia', 'Cersosimo', 3, '30735855', 1, 'b215dd434de0583bdcca6397dce543d5d85803a8add603fa047cb2fc99092767', 'leticerso@hotmail.com', '2020-04-16 23:07:52', '1984-06-03', '51afa478f9b357155135d2f596e9f1d4'),
(362, 1, 'Claudia', 'ERICE', 3, '29884432', 1, 'c6d64eca72bf1f3e8a79c5f2dd7b171944ec3ba157e69922fdedf46a429f233b', 'claudiaer_p@hotmail.com', '2020-04-17 10:39:53', '1982-12-23', 'ff381a5bae492569a7f8fb46fa7175df'),
(363, 1, 'Jesica Fernanda', 'Blanco', 4, '34774669', 1, '40cbf7e83ea2e512916902b5fc612350458c51ae21a9361753de310a7c209c8c', 'blanco_jesica@hotmail.com', '2020-04-17 15:37:37', '1989-07-06', '60a9157b7338e002acc1d9c98ebe6098'),
(364, 1, 'Luciana', 'Taley', 4, '32750833', 1, 'd542b95da830421ae1fb5837eee0bc85d09454f436dc2ddf23f258e8417868b4', 'lucianataley@gmail.com', '2020-04-17 15:56:58', '1987-01-06', '0904b54a828db1362d1721bfab1538e5'),
(365, 1, 'maria laura', 'nazar', 3, '25430005', 1, '84dc9459f4ad421742bd89508f0de55039184686181a21b816a1b52b8f2efd52', 'nazar.notaria@gmail.com', '2020-04-17 18:09:31', '1976-06-20', 'd4348748b77e65e932f551b112cd4e4b'),
(366, 1, 'Laura', 'Gutierrez Segura', 3, '32571774', 1, '0595f23fcb0ff7f10ff257437752cf9106dde166a781e1743a6d307d9bc54330', 'lauragutierrezsegura@gmail.com', '2020-04-17 21:00:23', '1986-08-08', 'e301267abe7519dadae4d704f5092788'),
(367, 1, 'Liliana', 'Guardia', 3, '12117668', 1, '4cfc3019ac1c77bea61aca676c63c2780b2fd0b76e4924373d4c10018571847a', 'lguardia@bbcg.com.ar', '2020-04-18 01:10:10', '1955-10-09', 'e002891b9ee74ad1a99cc9fdc0cd3838'),
(368, 1, 'MONICA', 'GONZALEZ', 3, '14065589', 1, 'd02a5fd4814b9bce2094a650e4b6848c700da74aa6153305fb421b5cd9f09f39', 'escribanamgonzalez@yahoo.com.ar', '2020-04-18 01:21:26', '1961-01-07', '714b57ffc76b226e76c3e863f5801a51'),
(369, 1, 'Silvina', 'Baron Knoll', 5, '18446549', 1, 'b28d5d30ccdcdf27a7ef973aba9db0f7a5d8f3efd1fcc43e5a0bf0274b02c5c7', 'sbaronknoll@hotmail.com', '2020-04-18 07:31:42', '2020-09-28', 'e39f2ecc6984a4332865de019966064a'),
(370, 1, 'Mariana Beatriz', 'Roldan', 3, '18495341', 1, '96ca643262f1772ab43d471641d4ed2d0025cfe8ac4d22b0caf2faf378b99bed', 'escribania-roldan@hotmail.com', '2020-04-21 09:50:03', '1967-03-07', 'b11d2ff0504c9eb242944957904b077f'),
(371, 1, 'MARIA GIMENA', 'RATZINGER', 4, '31943870', 1, '8f32639358a76e88cd709695ff8f9333bf7e060d56d40096604c71ec471dbcb4', 'mariagimenaratzinger@gmail.com', '2020-04-21 10:09:19', '1985-12-12', 'b1e8d36eabe13d164dc3a900a8c00b72'),
(372, 1, 'VALERIA SILVINA', 'ALVAREZ', 3, '22043091', 1, '7989ba039ba2becd1ee7c8092dae15a1f13f2bebf5b9bc2b41d2c3849c68fc5a', 'alvarezvs@yahoo.com.ar', '2020-04-21 13:05:51', '1971-02-26', '6aa0e1bebf47f697e497afbc7c23c15b'),
(374, 1, 'Zelmira', 'Cairo', 3, '17146171', 1, '10b1815c36f6d4e61f8c73c757298abf815b3d5a6d8622e905dbe00a2b56be2a', 'escribaniacairo@speedy.com.ar', '2020-04-21 13:26:09', '1965-08-11', 'a7fc400f1b73e09d451ddd0cedd56cc7'),
(375, 1, 'Adriana', 'Badui', 3, '14593681', 1, '6efb751e64df33f1b85330573aca05186f4eb45c96412fade60cf7efb6876c4e', 'adrianabadui@hotmail.com', '2020-04-21 13:31:58', '1962-03-26', 'f18b395451cd64ba7d6c087a2209e02c'),
(376, 1, 'Mariela', 'Firpo', 3, '24900064', 1, '94faaf742ac1d748fbf114ea46b5ec9eaa389c2b0cb9b49184ca0ac694e2030b', 'marielafir@hotmail.com', '2020-04-21 14:04:24', '1975-11-08', '047269886665a0c56b2adf8a7e8e53e3'),
(377, 1, 'Beatriz Susana', 'Martínez', 3, '16061959', 1, '6187bb47acc75ae8b0e90cfe823c6909890bc21f9f319bcdb9eb71fca4c32021', 'besumartinez@hotmail.com', '2020-04-21 14:32:42', '1962-05-06', '2b5301d477af3db72d49f585afe476fe'),
(378, 1, 'Graciana', 'Silva', 3, '27298463', 1, 'b4abd56112b8c173594d526669bd38a6e9b039298b213b6488d4fc0635c24c73', 'silva.graciana@hotmail.com', '2020-04-21 15:09:14', '1980-06-01', '457ce2d8a44b1d3c4b8c29e5a3094cb3'),
(379, 1, 'Ruth Viviana', 'Panonto', 3, '16330939', 1, '51033aca19515c15a33fcd4f1b059a947b72718e958b5d77e4a1c56e97ba5aed', 'escribaniapanonto@hotmail.com', '2020-04-21 18:24:14', '1963-03-04', '4bd6d25ab930b8414aae55420006bb4b'),
(380, 1, 'clara', 'celiz', 3, '24342637', 1, 'bbc4fda526b68f6fe9bab2dd2e70cca4589883a67e79277f80ae603e17c69f2e', 'claracelizesc@gmail.com', '2020-04-21 20:09:24', '1975-06-09', '307069e28d07b5974671a0414e37fb6e'),
(381, 1, 'Mariela', 'Chacon', 3, '22625153', 1, '5b3d6b4f7b9fc176174cd6240f64fffcb9c08dec097eae5c67c8949c807bd1c1', 'escribanachacon@hotmail.com', '2020-04-22 15:53:16', '1972-01-18', '9ee39ab53743a6d249781689e44b0890'),
(382, 1, 'Maria Cecilia', 'Oliva', 3, '28793044', 1, '4c6e4c0b642fdfea826bd45b6c54db775fe28d6f499523a7bfb6fee01e029d5c', 'ceciliaoliva_10@hotmail.com', '2020-04-22 17:07:37', '1981-03-08', '4d7314f2cce188ae80113c457a341d6b'),
(383, 1, 'Gaston', 'Alterio', 5, '27519386', 1, '34bd6167a57c0dc9a384e41fcf4e358c98338cbffa948c101617de17fad4dfe0', 'gastonalterio@hotmail.com', '2020-04-22 17:24:57', '1979-09-11', 'f3745355398cdffaafaeb50f076a7afc'),
(384, 1, 'Natalia Paola', 'Oliva Roch', 1, '30274752', 1, '22143a98bffc7f4ea4e3d0b035e2b6ecdcd3caf7b791af6b8d27dcd50fe36c62', 'nataliaoliva78@hotmail.com', '2020-04-22 18:53:58', '1983-08-19', '08c37ebede1bf2bab5e88f462283cacd'),
(386, 1, 'Gaston', 'Alterio', 5, '27519386', 1, '8fe6a6424d75098fad2fd52d478fd7e6f62bf941ec6d1fa342c36206a90dd0ef', 'gastonalterio@gmail.com', '2020-04-23 23:05:49', '1979-09-11', 'f47977a75eb312b031d68a1033c6c488'),
(387, 1, 'Georgina', 'Sabatini', 3, '20220797', 1, '470f6c0872329f06d4d8464ade81f46640ffdca20b90b184711a20eba1bdb175', 'escribaniasabatini@hotmail.com', '2020-04-24 10:32:14', '2068-01-10', 'd43e2149790d6cd79b167bc4ca1f01e6'),
(388, 1, 'Silvina', 'Luján', 3, '13700702', 1, '2c0c5f8563d9a51a85e5eca7333946433bbf3dc94463d8850603d3de3674676f', 'silvinalujan2@yahoo.com.ar', '2020-04-24 11:22:09', '1957-08-09', '04c2e7281859f45ec7b316ec8e45e3df'),
(391, 1, 'VANESA', 'CRUCEÑO', 3, '27759146', 1, '111d220fbe87f3e546eea4c40a6ca383353e314864527363e040b621b1ba51b8', '4egis740@gmail.com', '2020-04-24 11:38:12', '1980-05-30', 'cd0ef31698b9b7eb157a6636b2a31f8a'),
(392, 1, 'KAREN', 'HURT', 5, '33012269', 1, '7ade57edac636da59084ef8677b4da016fb21d58d79e8f55a60c9324ead0ef29', 'KARENB_HURT@HOTMAIL.COM', '2020-04-24 16:06:03', '1987-02-05', '120a8a57d378e3f4b2e05811e486dec4'),
(393, 1, 'María Alejandra', 'SIMON', 3, '18116140', 1, 'bd21293f91c33e0bdd1414297f1433e87e5a747a15f59f6f6f5b340a5a69a580', 'notalesimon@yahoo.com.ar', '2020-04-24 19:31:34', '1966-10-17', '4b32839ec3a67ad5667e895caa0a771f'),
(394, 1, 'Victoria', 'Gochicoa', 4, '37622229', 1, 'eda3795f5630db361538244c8a3956fa0244097827e6ac5ea0ed43deef94dc89', 'victoriagochicoa@gmail.com', '2020-04-25 01:11:04', '1993-09-28', '477187776cceed115047f942cc9b452a'),
(395, 1, 'Rosa', 'Cascarano', 3, '14441512', 1, 'a00609d279d175a86a309f0f7f5f80967fa75c05d4f2ed0e1d58864b467564d0', 'rosanacascarano57@yahoo.com.ar', '2020-04-25 02:16:12', '1961-02-23', '4fd1431bed322d18c7e94807cc1a790d'),
(398, 1, 'Andreina', 'Toia', 3, '23631857', 1, 'a406d195051a5c208dc15560402652a12cad646e10c5d5da1da727be6823df4f', 'andreinaestudiocapisano@gmail.com', '2020-04-25 15:28:25', '1973-12-06', 'b1c29a583de33bfbf6280340913fd1d4'),
(400, 1, 'GABRIELA', 'Farías', 0, '35211936', 1, '9cdcfbbe0183b2f1855ee2f7354fb2a8d175b133b227052a095302b4559bf525', 'gabyafarias@gmail.com', '2020-04-25 16:29:23', '1990-05-11', '8e37cc74e25d929832e51d08e472ebf6'),
(401, 1, 'Fernanda Noelia', 'Almada Heredia', 3, '33360046', 1, '3517cb8f90a94feb5ed8100d39ade3cfe4c3a140326815b8ae924cd4d159514d', 'fernanda_almadaheredia@yahoo.com.ar', '2020-04-25 17:17:09', '1987-10-14', 'c8ec9f145c799a1df0b28ddb79bf00ff'),
(402, 1, 'Marcela', 'Lamas', 5, '17460619', 1, '0679ec9b04ab8b3b5303d4294c7a7df7fced5b4bebd08f3b514fbed2086caa22', 'arq.marcelalamas@gmail.com', '2020-04-25 18:12:32', '1965-03-11', '10472231bebffce624637c71b439385b'),
(403, 1, 'Martín J.', 'Giralt Font', 3, '17519787', 1, 'd458cd245300d98c2eba2779abac12e54883554b90de122227f1a66243b33977', 'martin@giraltfont.com.ar', '2020-04-25 20:08:52', '1965-06-13', 'c3943e9443b2ab1c2f4817cc94b28289'),
(404, 1, 'Luisa Bibiana', 'Ojeda', 3, '13335748', 1, 'e047c0284a5a53f9df81e84f103cd1487d672efe4f94e41a457a4e44a3a26399', 'notarialuisaojeda@gmail.com', '2020-04-25 20:33:25', '1959-12-01', '0fb353fc6a5e653188b93eff5a4d9492'),
(405, 1, 'Emanuel', 'Hernandez', 2, '4836409', 1, '66d84b79d7cccb975269babe57b3ddddf1611106f95a28feb60a0ad8abef3a66', 'emanueltian21@gmail.com', '2020-04-25 22:04:35', '1987-03-21', '01f3a0e03bcb4d8deaf3afd810358c15'),
(406, 1, 'Iris Alejandra', 'Mussio', 5, '20582147', 1, 'f1be6354b41828a0b8aa1201094a15cc00add2a52d5bde5b582a1576fdfdfbd4', 'irismussio@hotmail.com', '2020-04-26 11:48:19', '1969-12-19', 'd5ccc75ec3497366febc223559488b9c'),
(407, 1, 'Alejandra', 'Martin Vera', 5, '28341618', 1, '9439e37993132a9bb6f647cd9a1e276d28fb45db4320cfb92a64ad5a995f37b0', 'colnotarialmendoza@gmail.com', '2020-04-27 14:03:55', '1980-09-15', '47e3f15a53a1edecff08dd8cdef49480'),
(408, 1, 'Maria', 'Pringles', 5, '27082501', 1, 'b5bfaf249340c968f78fdb3cf3c5fb980c0543c8b078af1f6e2e0ab891a4ad34', 'cotypringles79@gmail.com', '2020-04-27 22:42:58', '1979-04-02', '0523cdd76364c0edbbd922a52180ca4a'),
(409, 1, 'MARIA ISABEL', 'RUBIO', 3, '12833863', 1, '1c6099529a354a61089bf046501124f98d496ee7122045d5044e818b628656ae', 'escrirubio@hotmail.com', '2020-04-28 13:02:33', '1959-02-03', 'e9167a423a93897c2b4be339109ffad5'),
(411, 1, 'Leslie', 'Fruscella', 3, '27777679', 1, '61cad2da7c7ebf07aab7dbb07868685ca91aec94fb94c7e0c50cd730295ece6c', 'lesliefruscella@hotmail.com', '2020-04-29 16:31:26', '1979-04-12', '0470be8b322493e417ca586d09b85322'),
(414, 1, 'María Natalí', 'Ronchi', 3, '32039662', 1, '2fcc50792e615e1d08f24160d849524948b455cdf484d81d25c7f9a84f168bcb', 'escribana.ronchi@gmail.com', '2020-04-29 17:24:45', '1985-12-21', 'dae1b2b594b08ebb97c38438fbbdae8b'),
(417, 1, 'MARIA DE BELEN', 'TORRECILLA', 3, '25766718', 1, 'ecfe0e6080284d7814cdb68b50ed449d98f345d9cbf02464e5e96bfc0f4c241a', 'belentorrecilla@hotmail.com', '2020-04-29 19:02:24', '1977-07-06', '910a49016df8e322be79bd4f7ea2fd9e'),
(418, 1, 'Eugenia', 'Chavanne', 3, '28926951', 1, '8daf61486ba62ef670baafd0c3d6aba86769cc0d7898070a6522843a4e94f46f', 'eugechavanne@gmail.com', '2020-04-29 19:04:36', '1981-08-18', '3ebf14efaa43210f3538ec70e111f3ac'),
(420, 1, 'Cecilia', 'Gatica', 3, '26598466', 1, 'c0d1f44c88587c343fb49ccaaaa4d6ea25d9591fcdac0c47b4e90c35946d0b7a', 'ceci.gatica1978@gmail.com', '2020-04-29 19:28:25', '1978-06-28', '7cbcfa40010ba8dfeb3152729bb93ac7'),
(421, 1, 'Ricardo Javier', 'Colombo', 3, '12931885', 1, '2b0b6288518faf7228f01f83314e5b26f743224ec565968cda1dadb77ac98f3f', 'escricolombo@Yahoo.com.ar', '2020-04-29 22:43:00', '1958-02-12', '8521555f964e70df8082ddad33ab9776'),
(422, 1, 'MARIA JOSE', 'MANCINO', 3, '28740259', 1, '5cd4ef4b77504914a5a52984720d846c58fb35b4b8af17faf0ee7a60a3231248', 'mjmancino@outlook.com', '2020-04-30 11:33:12', '1981-04-17', 'b1c87163afc47bf207fa8b1351cd95fd'),
(423, 1, 'Ricardo Javier', 'Colombo', 3, '12931885', 1, '6b23767a32e67c1b831fea49a7b1a2620e6c42b585eb21c02f14c3e76b995dd0', 'colomboricardo63@gmail.com', '2020-04-30 17:07:12', '1958-02-12', 'eb43a80a33a1bf89d9a325890708e8b4'),
(424, 1, 'Ana Cristina', 'RITTA', 3, '18287752', 1, 'c071e920af4911dbc00fcafb5d3cec8d72bde09855dcd233d3880b3a17f435ef', 'notariaritta@yahoo.com.ar', '2020-05-04 12:13:31', '1967-03-15', '05cbfabcebc88ceb3fc128fb7e6d0f44'),
(428, 1, 'María Soledad', 'Perez', 3, '26128607', 1, '8767daa4d472ee8d27b09915d4b86be6360009d510e442f6a8c4b9ef2746b153', 'escribanaperezsoledad@hotmail.com', '2020-05-05 14:44:33', '1977-07-18', '5618ecc29d32b367d1b6628d0ce8671b'),
(429, 1, 'Belén', 'Buchin', 4, '37000534', 1, '6c52d4caf914a2690da335bd36ce7f37d32fb8760bc4b178c5a91a3721788e2b', 'bel.buchin@gmail.com', '2020-05-05 15:02:54', '1992-07-28', '16f6e63806e28b8ae1fed030e3cb1187'),
(430, 1, 'MARIA ELENA', 'VERDAGUER', 3, '29385697', 1, '17b43c9d7e71327541822c9e1a0e28e7c5d66f510337cb559e9ea9db7d5519aa', 'elenaverdaguer@gmail.com', '2020-05-05 19:30:58', '1982-10-11', '7335b8af04f48e07fafca2693a780cea'),
(431, 1, 'Pablo', 'Canaan', 3, '37965637', 1, '4700df8e9ca05fceaf0c4a1ebac7bd09087d63fc48fff6c20c182642785227fb', 'canaanpablo@gmail.com', '2020-05-06 06:48:55', '1994-01-29', '34ffac9902721d925c5e83489492d826'),
(432, 1, 'Carolina', 'PELLICCIARI', 3, '24598740', 1, '4651141ef953a80bd43595f91fa1e659ee0a34c93c7538f7af4d478576d56dc3', 'info@notaria505.com.ar', '2020-05-06 19:54:30', '1975-06-22', 'ee5a2b33f78eb2cfcb6dfaac70590029'),
(433, 1, 'Romina', 'Carrasco', 5, '28236266', 1, '8ca28e227a45145d8b55851796f36d44d33b9b4628aff323f1f30eb3132ff3de', 'romideesquel@gmail.com', '2020-05-07 09:19:06', '1980-12-10', '4004e83962585e4398015dd697788e88'),
(434, 1, 'Estefania', 'Inzirillo', 4, '33890200', 1, '5041c76be7efee00ce22272b8e762f827e427e2ff7c4d9c563565430ee8eb028', 'estefaniainzirillo@gmail.com', '2020-05-07 10:59:49', '1988-08-03', '901307527d072f4c706d8c5131989209'),
(435, 1, 'Marcela', 'Sinatra', 3, '18012932', 1, 'b0b44cdc73ebb01d9afd3f8a8e672ba878684dd788a914f3dd63b2a5c9ae6964', 'mmsinatra@gmail.com', '2020-05-07 12:05:44', '1966-07-03', 'fe35ca94b4b78f9f43e519ed4a07afdd'),
(436, 1, 'Jose Dan Jonathan', 'Torchia', 1, '32627145', 1, '9849e736bcd9a3702bb14637f8451a06c42bfdf49504e26148e3a99a9b4b7324', 'jonitorchia@gmail.com', '2020-05-07 12:07:00', '1986-09-28', '7749e63d661dab620c15a661ae6a0e2a'),
(437, 1, 'Julieta', 'Oelsner', 1, '39018090', 1, '03220092673b8fa243d6fcf614266e5ad435c9bd143d7ec547058d89c0ea43aa', 'oelsnerj@gmail.com', '2020-05-07 13:49:24', '1995-07-21', '018667434ade177f8d778ca6214beffd'),
(438, 1, 'Cecilia', 'Gonzalez', 3, '32931611', 1, 'd1df7a3567d8d3a7b1b15be192ac28d511551341032b7748e5711e9bd2b07fea', 'esccgonzalez@gmail.com', '2020-05-07 16:28:58', '1987-04-02', 'f97b86dd28b67d2c8dbc83114d416e67'),
(440, 1, 'María Soledad', 'Arco', 3, '26812874', 1, '44d7c24c99a44ed9ec9d69ecaab4fb5f22502ce324ad41921e4972b14a691429', 'armasol_2002@yahoo.com.ar', '2020-05-07 16:59:31', '2020-08-21', '710523b1182709dd3470de7861ebacc2'),
(441, 1, 'Florencia', 'Feigerio', 4, '36169290', 1, 'a1692ab35f8059ae9454d9b760c0fed271bb647a4898fba5ea72742e2a7f5806', 'escribanafrigeriof@gmail.com', '2020-05-07 17:03:13', '1991-07-07', '427bb3299cc5e30bc14244f573eb20a4'),
(442, 1, 'Emilce Daniela', 'Salcedo Oviedo', 4, '37520128', 1, '3bccdc827fed57ad58a4dd2389d1dc7ca0b52fa9a7215b168cb4f0fde0bc44d2', 'salcedoemilcedaniela@gmail.com', '2020-05-07 17:08:38', '1993-05-26', 'f5b217740ff8cd05bad4c1094a4a7b66'),
(443, 1, 'Ximena', 'Fluixa', 3, '17640659', 1, 'b45dcd89e68ba1ad4f36ef6864945b96192c505d1b9808cd65f6720711ddc0d0', 'estudiofluixa@gmail.com', '2020-05-07 17:10:42', '1966-07-01', '9d4b90a80994d355c071141129485d0a'),
(444, 1, 'Facundo', 'Gomez', 2, '35877446', 1, '1de9337274604772ccc870339d826601669198ffa00e94b3bea8e1c23cb05e5c', 'facundo.gomezmarcial@gmail.com', '2020-05-07 17:12:49', '1991-03-17', 'c39e99b35dc619a7f483c6763c5fd27e'),
(445, 1, 'JULIETA', 'ARIOSTO', 2, '22529995', 1, 'd07ae5839c5a479c41bc6b1832e854e6aa30aeab8b07d8bbc00960f95e5417ae', 'joariosto@gmail.com', '2020-05-07 17:16:20', '1972-06-03', 'c55c9c51f4e42dacfd1f584870297aa5'),
(447, 1, 'Pedro Lorenzo', 'Flamarique Fluixá', 1, '37518396', 1, '38728769009a98f8370dc2de13dc2bc6681a4ad31517bbe996768bb4aab6eb1f', 'lorenzoflamarique@gmail.com', '2020-05-07 17:34:04', '1993-08-20', '9763b022923ca3d37e53981b7475f7c4'),
(448, 1, 'Ximena', 'Fluixa', 3, '17640659', 1, 'b45dcd89e68ba1ad4f36ef6864945b96192c505d1b9808cd65f6720711ddc0d0', 'ximefluixa@gmail.com', '2020-05-07 17:41:34', '1966-01-31', 'c9793df795773ad300b4cd94d5a0e7c0'),
(449, 1, 'Carla', 'Aranda', 4, '37613961', 1, 'ab1c1baec43420eb92884c6d9f5e1c22d1e79769bb223621bc71f847c100def9', 'aranda-carla@outlook.com', '2020-05-07 18:37:06', '1993-09-11', 'c016a39b3bbfb0bf3840d9ca02ce352f'),
(450, 1, 'Maria Fernanda', 'Santander', 3, '24705720', 1, 'a829702dca5aa5d37ce09f2a714fd611bdbe4799d00856c553d196f39fe6ee70', 'mfersantander@gmail.com', '2020-05-07 18:43:13', '1975-08-28', 'e4c7582b2e35529952377b806d15908e'),
(451, 1, 'Andres Matias', 'Contardi Baldasso', 1, '40271450', 1, 'b5791ab1e84c8a1a73d6efd32584c429f2f3f973b09cfa25b0ae8b5a95fce404', 'andrescontardi2017@gmail.com', '2020-05-07 18:48:55', '1997-04-27', '0ab0d6b54304dc0dd9eb12c53e78a4de'),
(452, 1, 'Rosella', 'Capezzone', 1, '38205654', 1, 'baeed569c9b6791719b687087f1e606918c6fc37f946e210d54f3c707aae55bf', 'rosecapezzone@gmail.com', '2020-05-07 18:51:45', '1993-12-04', 'aaa1741ee93bc7b28d2e6eb8f312670f'),
(453, 1, 'MARIA SILVINA', 'RUBIO', 3, '30896988', 1, 'e81ddea607c0a595f50202c261b0d6f362db6b1c0ee73c58ca20bb52d29a9b15', 'escribanamsrubio@gmail.com', '2020-05-08 09:03:42', '1984-08-25', 'e26ce3d9ab3f61d2be505f91862a9757'),
(454, 1, 'Franco Martín', 'López Antequera', 4, '37623368', 1, '241dcab0e9272c89fce5d8be66b561495c257465d81c620c6cdfec6ea691a625', 'francomlopez93@gmail.com', '2020-05-08 09:06:05', '1993-08-17', 'eb5824effd293ee93e05e1d42bd45ade'),
(455, 1, 'PAULA FLORENCIA', 'AMODEO', 4, '33583410', 1, '0b85e7f1993f241730e388382613099b9a0197ddc87a01509689bbcc86afee7c', 'pfamodeo@hotmail.com', '2020-05-08 09:40:41', '1988-08-25', 'b91d6ab7a0deb76e622c237e9eabcd04'),
(456, 1, 'Carla', 'González', 5, '34748814', 1, '46d799fdda767825a80e02f8b9b46ad63040a602175687ca03075aa1f7f50c7c', 'carlagonzalez.gz@gmail.com', '2020-05-08 10:03:45', '1990-01-01', '41683e574f22336e2102974df3fa68a0'),
(457, 1, 'Ivan Eduardo', 'Jurijiw Oliva', 1, '36134840', 1, '6e5ac19abd4581a0b60ec293ea405addc4b96a4fcc10ec27d8da0622267ac2d9', 'jurijiweduardo@gmail.com', '2020-05-08 10:10:25', '1992-03-16', 'db0c8197cb43542174d68e907606a2ad'),
(458, 1, 'Bruno', 'Di Giorgio', 1, '3655421', 1, '8bb0cf6eb9b17d0f7d22b456f121257dc1254e1f01665370476383ea776df414', 'digiorgiobruno92@gmail.com', '2020-05-08 10:44:03', '2020-05-08', '40feb0f3707ce8cac17c444aeec197ac'),
(459, 1, 'Karina', 'Kost', 2, '31283926', 1, 'c75a2a6d1917e5bdd3a3d63826eaeaba50c5c77423b063886e99759caed0d192', 'karikost1@gmail.com', '2020-05-08 10:51:28', '1984-10-13', '091d3e4ab8c55b49a6ebc1817fb84d4c'),
(461, 1, 'María Beatriz', 'GALIÑARES', 3, '17088894', 1, '520ccc36d33815cb923f0e83345dabb4770260284ed3a34e1e70592f5fb20389', 'escribanagalinares@gmail.com', '2020-05-08 11:05:06', '1964-10-23', '857c6c3938c239fa1880762fa21bf575'),
(462, 1, 'Etel', 'Zamora', 3, '26219378', 1, '3d34892cb2683a30b79435fc436cd50959331bd8b568993df00ebb97d80894e1', 'etelczamora@gmail.com', '2020-05-08 11:13:44', '1978-01-06', '18cb0d3a8eba9e3f5a96154ebd232500'),
(463, 1, 'Melina', 'Moyano', 1, '34025802', 1, 'f24b4a6e7f479fc2f3a3906c46bde154f6319cf6949b8413f807ac3f934bc731', 'meli.moyano88@gmail.com', '2020-05-08 11:39:28', '1988-08-08', '65a2a5cc211a4cad3aa1bbcac956c5d8'),
(464, 1, 'Natalia', 'Lucero', 1, '26463082', 1, 'bbbd964923f5a3aa4a6cddf1915ce3c85b6b12499c07818eb145b309fcdf61e9', 'natal00203@gmail.com', '2020-05-08 12:05:19', '1978-03-02', 'a7d5445b95ca05424633f7bc9f4d5afc'),
(465, 1, 'Silvina', 'Granado', 1, '35052959', 1, '9140d13bd50343457cfdeb3c1246d4514cc27ccb31401fc89417ebe882008bd8', 'silvinagranado@gmail.com', '2020-05-08 12:45:08', '1990-06-04', 'bff1a68c19bcc9ed11ea6d70cc2dbc57'),
(466, 1, 'ornella', 'leda bunjeil', 2, '36859684', 1, 'f277ab5090814572230b6d1d1b3d91ccc5dc4b4dd49a8328dd1c6a45a8ec1a6d', 'ornellaleda@gmail.com', '2020-05-08 13:14:58', '1992-03-04', 'bf8b4212e3d7caf0e9ceafee855c0760'),
(467, 1, 'Romina', 'Angileri', 2, '32921968', 1, '0044029849cbfb0b3d29d6650c81c6ea142227a9b5fd552c6434f1f0a7829202', 'rjangileri@gmail.com', '2020-05-08 13:31:25', '1987-08-08', '4a3021f04d01d6f2215ebbbc631a6f66'),
(468, 1, 'Natalia', 'Bonivardo', 3, '36731380', 1, 'e2d10376799b28901e4414e8fe795d2c74d4f30200f89ea0c8308bcf9a038503', 'natibonivardo@hotmail.com', '2020-05-08 14:11:29', '1993-02-20', 'eee96c772d272b86c86523c63516f9fd'),
(469, 1, 'Rocio', 'Arguello Bariffuzza', 2, '33274357', 1, '3c0dc8caac804dfbdf65972935c356e85c68117e4e9e55290fb2d8abb7f9a905', 'rocioarguello1987@gmail.com', '2020-05-08 15:00:35', '1987-09-23', '4d093003abe0ed2bba42959de8ca44c3'),
(470, 1, 'Francisco Gonzalo', 'Vasquez', 3, '36227784', 1, '5f935a737522aaaf85557c688e99bdfcd581569271f76ea16160d661ee8702e2', 'gonzaa_v@hotmail.com', '2020-05-08 15:12:40', '1992-05-20', '0e307093dd37990ba2eb733cae895b3e'),
(471, 1, 'Claudia', 'Pelliciari', 3, '22307520', 1, 'b66d8cffaa534ef53854633b3540bf08ad8263c334148d2a19bb3491bc1c42ed', 'claudiapelliciari@hotmail.com', '2020-05-08 15:25:40', '1971-12-08', '3beb3b2b4498aaf4f1c08fe8e4a775ed'),
(472, 1, 'MAURICIO', 'MOYANO', 2, '23856078', 1, '75a41bd185bbeb12448feaf2bf24545e333112a16fd2c90b127da31577504040', 'moyano_mauricio@hotmail.com', '2020-05-08 15:27:05', '1974-05-04', '5797d63e9d58ba882df2122c0987bf99'),
(473, 1, 'María Fernanda', 'Comadran Peña', 3, '29326484', 1, '5b1fc3f72bedd29e4766d2f79dcc28e6219def7f12b042a66a76aa8d44439f22', 'escribaniacomadran@gmail.com', '2020-05-08 15:31:50', '1982-01-27', '17ee12129d4ea06e449fbb63886ea115'),
(474, 1, 'Eliana', 'Antonaia', 1, '41368988', 1, 'd59fb2a0269aa8da6a94072e73a4d07260a8c0e2ed837f73a4b2002fbbfefde3', 'eliantonaia16@gmail.com', '2020-05-08 15:33:44', '1999-08-01', '085955608ca698d5dc439c5669d5e526'),
(475, 1, 'Leandra', 'TANQUILEVICH', 3, '23840055', 1, '7f9a636328de6520c7b74d34b0c4192ef124fb247c8060bbc7c56266a9606c55', 'leandra.tanquilevich@gmail.com', '2020-05-08 15:34:55', '1974-05-22', '5583bb9047ecf8bcb316f34ff378efef'),
(476, 1, 'Julieta Belén', 'Fontana', 1, '41659719', 1, 'e9ab0b6a47452dc9af94dd44316a2d3d5fcc23ba3557659e7fb3d20dbe16999a', 'julifontana2014@gmail.com', '2020-05-08 15:35:33', '1999-01-08', '8f5a21ee05ede5aaee916423a304f1cc'),
(477, 1, 'Carolina', 'Zavala', 1, '41191837', 1, 'f8b1a35f6d73be4ddf1d6b5e46e0dd6b01d4ae205f232c6a82a0d7573e74409f', 'zavalacaro01@gmail.com', '2020-05-08 15:44:23', '1998-05-14', 'f0c0c9c14b182d62015c24ef186a2984'),
(478, 1, 'Mariela', 'Bonino', 2, '33274695', 1, '98f410616fe9e489bbadc8a910af9c2eed4329c28cdb7c04a56524c61a9d86ba', 'boninomarieladenis@gmail.com', '2020-05-08 16:34:28', '1987-10-15', '1c34ff6a8625e2d5941aef0845b19b49'),
(479, 1, 'Fabiana', 'Quiroga', 3, '25290781', 1, 'a406d195051a5c208dc15560402652a12cad646e10c5d5da1da727be6823df4f', 'escfquiroga@gmail.com', '2020-05-08 16:45:28', '1976-03-04', 'c17ebcc2be439a17292f4e62b9c156cb'),
(480, 1, 'MARÍA EUGENIA', 'ORÉFICE PUIGGRÓS', 2, '23977348', 1, '1cfec5a08a37bebc9177b85b42affb95dea8302694c2a6d660cbe2f353db2760', 'eugeniaorefice@gmail.com', '2020-05-08 17:32:59', '1974-03-30', '281f21f93a1492db5eaaa0f4f46eaf99'),
(481, 1, 'Bruno', 'Farés', 2, '32879203', 1, '82f739f68f7241549448aa270dbc61935a323d87b6676417e2a3798309cb05af', 'bmfaresc@gmail.com', '2020-05-08 18:05:13', '1987-03-10', '2c17bed2f5364e04265f679c728bf92b'),
(482, 1, 'Maria de las Nieves', 'Granata', 3, '31285967', 1, '3002c5f80542ad12ddd39cd762c22f646b8ceb96f0f8b2cd0f1ae7672a6f5dfb', 'nievesgranata@gmail.com', '2020-05-08 18:08:18', '1984-09-10', '343731f51c55ffdc848402a0a865ce25'),
(483, 1, 'Clara', 'Anzorena', 1, '39603891', 1, '7dfa5ee885ab15b41463e184ce4f0021b082a505e07a1d31ddc3e05a3c0f951d', 'clari.anzorena5@gmail.com', '2020-05-08 20:05:46', '1996-06-20', 'a0b37a8132684c30954c47c569f4ec76'),
(484, 1, 'MARIA VICTORIA', 'LO CASCIO', 3, '36417372', 1, '94eeca49c6c1332833bf4bed843b9c7580f384436b7b9f57808d10827fe6141d', 'vickys_26d@hotmail.com', '2020-05-08 21:22:23', '1991-11-26', 'e98e9aa33b3f2b38400ebb541ced35d7'),
(485, 1, 'Emilia', 'Rezzonico', 1, '34293327', 1, '9e66f10ba41f8bb858d87de58ec2c73a77b591dfa09941603261e62c45a529a1', 'emilitanqn@hotmail.com', '2020-05-09 01:47:00', '1989-01-21', '593cf7bf25712f43dec95a7ef300a9e6');
INSERT INTO `users` (`id`, `rol`, `name`, `lastname`, `idprofesion`, `dni`, `active`, `password`, `username`, `creation_date`, `date_birth`, `token`) VALUES
(486, 1, 'Eduardo J', 'Casado', 2, '26779111', 1, 'e2bffe1f64d49e57698b92fbcf8e5fd2dd2fded8b2da17ae0e6bb2413af1bf9c', 'eduksado@hotmail.com', '2020-05-09 19:47:39', '1978-12-09', '436ffde5f3517efe8088306da983c6b5'),
(487, 1, 'Lourdes', 'Caggiano', 3, '28341679', 1, 'a81df2657ed9dd6efd8ecf696d5addd59dec556c18cef68d573d43e6094491c2', 'lourdes@escri.com.ar', '2020-05-11 09:44:07', '1980-03-10', '4f6511686bd00c5ea3efc6a35ef6106f'),
(488, 1, 'Mario Sebastián', 'Felici', 3, '26016570', 1, '6e8e38af1b3203092e40e72365ef26f16599bcb000936b1e9f70d501e4cfe4bf', 'escribanosebastianfelici@yahoo.com.ar', '2020-05-11 09:57:02', '1977-03-08', '4c3777c95bb8c0d292b17a3e25a39f56'),
(489, 1, 'Clementina', 'Perez', 2, '36816857', 1, '4fc3ab682b4b2b4dc6c68aea5a0c4786b5ae9e44e792438968d88f36877f29aa', 'clementinaperezarias@gmail.com', '2020-05-11 11:52:07', '1992-11-03', 'ca836087c0e693ac4b7d6ca86fca11fc'),
(490, 1, 'Ana Carolina', 'Patti', 4, '39496095', 1, '52a0738add0b0374c2f6d7baf71762e7080bb7e09c2c7d75d22e6da60e3ff0c3', 'caro.patti@hotmail.com', '2020-05-11 12:47:47', '1996-04-03', '4cb664d98889b7e740296e3126161637'),
(491, 1, 'Pablo', 'Hidalgo', 2, '23408309', 1, '8fcd6dbeb0a027c6589bb9cec9505e053834045dd15d6f29da2a4096f6071d10', 'phidalgoarrabal@gmail.com', '2020-05-11 15:48:01', '1973-11-07', '9d24ef96e10d3568576a37e0f263ac70'),
(492, 1, 'SANDRA', 'ARGUELLO', 3, '21586723', 1, 'e8f98348b09ad5f265ec392fd780995eb6123d5ec05b038dbe9e183dad55425d', 'escribanarguello@gmail.com', '2020-05-11 18:15:05', '1970-03-12', 'baa8eb670741ac6a75d04aeec6984012'),
(493, 1, 'Florentina', 'Cucchiarelli', 4, '31284979', 1, '75b788e9ff0c9cbdb728ed084c92acfdee370db0a5a9baebd5eed90dc0c7c91d', 'florcucchiarelli@hotmail.com', '2020-05-11 19:56:18', '1984-05-12', '28ed7663de95f6da0e928dd93344bd9f'),
(494, 1, 'Carolina Alejandra', 'Kermen', 4, '30584665', 1, '9c1b31c16a7d3f1ecb655ebc4d35be1e9935abdb58991dc5e7786f1bc477ef9e', 'carolinakermen@hotmail.com', '2020-05-12 19:34:26', '1984-01-28', 'd9e34502e499de0bfbe77a5bb0c01a9c'),
(495, 1, 'Roxana', 'Alamo', 2, '23386489', 1, 'e757ddf7e75853b62851862ea2b122c640f7695ac95508a3617127eb1ce6d9bd', 'roxialamo@gmail.com', '2020-05-12 22:46:00', '1974-08-02', 'e5ef719a4636268ab5cb7fdca783cd29'),
(496, 1, 'Romanela Evelin', 'Vitaliti', 3, '32212229', 0, '578073574876ad338d4605b10b503eafc4ba203e872afef5144898725c75ce60', 'escribanavitaliti@hotmail.com', '2020-05-14 11:33:56', '1986-06-07', '3d7ed57de9c811abab188c8c2486b97f'),
(497, 1, 'Maria Paula', 'Durigutti', 3, '33890678', 1, '709ffb05166fec070900d7b2c9771ac9525c84003d2b3a36fe4aec3aa10e1111', 'pauladurigutti@hotmail.com', '2020-05-15 22:42:44', '1989-03-13', '8717eafe287e0a816e95de329a359da8'),
(498, 1, 'Felipe', 'Molina', 5, '23629808', 1, '267e44de41581481e432e49a1092d41a421bad2313278f723253c5309b706542', 'l.molina@mba-montpellier.com', '2020-05-28 19:39:02', '1984-01-01', '4f1ae53bf73f2ed89e6ea62fb4794a6c'),
(499, 1, 'Maria Mercedes', 'Fernández Lombardo', 4, '32315745', 0, '917ebb3396b2ff2e27b75e3fe421b1edc07b998f74350472f3abc5c6620a68db', 'mmercedesfl@gmail.com', '2020-05-29 01:10:00', '1986-06-04', '0892fa3b86705dd38974c8b8472c0c55'),
(500, 1, 'Claudia', 'palomo', 3, '2387659', 0, '5c168ed40309162e20a5c6dc73773f5ad66814f2798de2fd14bcb4df60272033', 'mcpalomo@live.com.ar', '2020-06-06 19:52:49', '1974-04-02', '95f9a5953c04847da1e986a08317c970'),
(501, 1, 'Carla', 'Ripoll', 1, '40766020', 0, '04397fffc69557cc8d36904b0a9912585395193a506174ef45c2b75ca399c458', 'carlaripoll22@gmail.com', '2020-06-22 17:55:15', '1997-10-22', '9d7d13c18be8c084807b6b1abff32459'),
(502, 1, 'Guillermina', 'Guevara', 3, '25462348', 1, 'e3b908178e0990a0995c62757151473d946ec2d0415be33ca603e166e9071364', 'escribania@guevaramarch.com.ar', '2020-07-01 04:14:28', '1976-08-20', 'b1595a4c4e78cbe8c3db7b85a245f1c9'),
(503, 1, 'Fiamma', 'Giunta Bucca', 3, '37194670', 1, 'c226129556e9c173460b34dc731a59c62086ac15e6916f71eb0aeadb03faf6b1', 'fiammagiuntabucca.fgb@gmail.com', '2020-07-08 15:20:11', '1992-11-22', 'b6d83ec519654312dbbc2a012aa3deae'),
(504, 1, 'Silvia', 'Romero', 3, '26830075', 1, '845e04bdbdf49df4c135f0ddf71902da73d0fd4d8c44b7c8f31b27d6cf76c871', 'esc.silviaromero@gmail.com', '2020-07-13 20:17:28', '2020-07-13', '711b5b311d856f7a47233b108987cabd'),
(505, 1, 'Nelida', 'Pavoni', 3, '24651165', 1, '2a5bd1b9a4bcd73657edfc9d3c6135d5bc819afb87b56d16fe7574d40b7788d0', 'nelidapavoni@yahoo.com.ar', '2020-07-13 21:47:09', '1975-03-27', 'c86b9b6126240ca364a8e093a8e8cb5f'),
(506, 1, 'Carolina', 'Juan', 3, '25793438', 0, '38e762de24fdd271f20ee8261ee913d60e5356a42669ced639f10930db60db9f', 'carolinajuan@hotmail.com', '2020-07-15 10:53:23', '1977-08-03', '03cb0d345722ce32a8d980d9ebc2ed84');

-- --------------------------------------------------------

--
-- Estructura de tabla para la tabla `videoscourse`
--

CREATE TABLE `videoscourse` (
  `id` int(10) UNSIGNED NOT NULL,
  `idcourse` int(10) UNSIGNED DEFAULT NULL,
  `name` varchar(100) COLLATE utf8_spanish_ci DEFAULT NULL,
  `title` varchar(100) COLLATE utf8_spanish_ci NOT NULL,
  `uploaddate` datetime DEFAULT NULL,
  `modificationdate` datetime DEFAULT NULL,
  `idtheme` int(10) UNSIGNED NOT NULL,
  `description` varchar(500) COLLATE utf8_spanish_ci NOT NULL
) ENGINE=InnoDB DEFAULT CHARSET=utf8 COLLATE=utf8_spanish_ci;

--
-- Volcado de datos para la tabla `videoscourse`
--

INSERT INTO `videoscourse` (`id`, `idcourse`, `name`, `title`, `uploaddate`, `modificationdate`, `idtheme`, `description`) VALUES
(18, 54, '415323126', 'Palabras Presidente CNMZA', '2020-05-05 19:52:29', '2020-06-20 20:22:34', 15, ''),
(22, 55, '413798405', 'Fideicomiso como Instrumento de Gestión Urbana', '2020-05-06 16:15:39', '0000-00-00 00:00:00', 20, ''),
(24, 55, '413775919', 'La Función Notarial en Situaciones de Excepción Anexo', '2020-05-06 16:23:54', '0000-00-00 00:00:00', 20, ''),
(25, 55, '413716481', 'La Función Notarial en Situaciones de Excepción', '2020-05-06 16:24:33', '0000-00-00 00:00:00', 20, ''),
(30, 55, '413774665', 'Trabajo Remoto', '2020-05-07 09:55:43', NULL, 20, 'Actuación Profesional y Funcional'),
(32, 62, '414973789', 'Apertura', '2020-05-07 19:12:38', NULL, 29, ''),
(33, 62, '416184542', 'Modulo I. Dr. Raul Romero', '2020-05-08 00:34:17', NULL, 29, 'Modulo I. Dr. Raul Romero'),
(34, 62, '425635245', 'Modulo II - Parte 1 - Dr. Mauricio Moyano', '2020-06-12 14:38:37', NULL, 29, ''),
(35, 62, '428085217', 'Modulo II - Parte 2 - Dr. Bruno Fares', '2020-06-12 14:40:47', NULL, 29, ''),
(36, 62, '428378241', 'Modulo II  - Parte 3 - Dra. Roxana Alamo', '2020-06-12 14:42:06', NULL, 29, ''),
(37, 63, '436999547', 'Ciclos Económicos y Decisiones Financieras', '2020-07-13 19:20:06', '2020-07-16 20:25:48', 31, '');

--
-- Índices para tablas volcadas
--

--
-- Indices de la tabla `auth`
--
ALTER TABLE `auth`
  ADD PRIMARY KEY (`id_auth`) USING BTREE,
  ADD KEY `idusr` (`idusr`);

--
-- Indices de la tabla `categories`
--
ALTER TABLE `categories`
  ADD PRIMARY KEY (`id`);

--
-- Indices de la tabla `commentscourse`
--
ALTER TABLE `commentscourse`
  ADD PRIMARY KEY (`id`);

--
-- Indices de la tabla `course`
--
ALTER TABLE `course`
  ADD PRIMARY KEY (`id`),
  ADD KEY `category` (`category`),
  ADD KEY `course_ibfk_2` (`subcategory`),
  ADD KEY `course_ibfk_3` (`credentialid`);

--
-- Indices de la tabla `courseuser`
--
ALTER TABLE `courseuser`
  ADD PRIMARY KEY (`id`),
  ADD KEY `iduser` (`iduser`),
  ADD KEY `idcourse` (`idcourse`);

--
-- Indices de la tabla `credentials`
--
ALTER TABLE `credentials`
  ADD PRIMARY KEY (`id`);

--
-- Indices de la tabla `files`
--
ALTER TABLE `files`
  ADD PRIMARY KEY (`id`),
  ADD KEY `idcourse` (`idcourse`),
  ADD KEY `idvideo` (`idvideo`);

--
-- Indices de la tabla `profesion`
--
ALTER TABLE `profesion`
  ADD PRIMARY KEY (`id`);

--
-- Indices de la tabla `recover`
--
ALTER TABLE `recover`
  ADD PRIMARY KEY (`id_recover`),
  ADD KEY `idusr` (`idusr`);

--
-- Indices de la tabla `subcategories`
--
ALTER TABLE `subcategories`
  ADD PRIMARY KEY (`id`),
  ADD KEY `subcategories_ibfk_1` (`idcategory`);

--
-- Indices de la tabla `themes`
--
ALTER TABLE `themes`
  ADD PRIMARY KEY (`id`),
  ADD KEY `idcourse` (`idcourse`);

--
-- Indices de la tabla `users`
--
ALTER TABLE `users`
  ADD PRIMARY KEY (`id`);

--
-- Indices de la tabla `videoscourse`
--
ALTER TABLE `videoscourse`
  ADD PRIMARY KEY (`id`),
  ADD KEY `idcourse` (`idcourse`);

--
-- AUTO_INCREMENT de las tablas volcadas
--

--
-- AUTO_INCREMENT de la tabla `auth`
--
ALTER TABLE `auth`
  MODIFY `id_auth` int(10) UNSIGNED NOT NULL AUTO_INCREMENT, AUTO_INCREMENT=507;

--
-- AUTO_INCREMENT de la tabla `categories`
--
ALTER TABLE `categories`
  MODIFY `id` int(10) UNSIGNED NOT NULL AUTO_INCREMENT, AUTO_INCREMENT=28;

--
-- AUTO_INCREMENT de la tabla `commentscourse`
--
ALTER TABLE `commentscourse`
  MODIFY `id` int(10) UNSIGNED NOT NULL AUTO_INCREMENT;

--
-- AUTO_INCREMENT de la tabla `course`
--
ALTER TABLE `course`
  MODIFY `id` int(10) UNSIGNED NOT NULL AUTO_INCREMENT, AUTO_INCREMENT=65;

--
-- AUTO_INCREMENT de la tabla `courseuser`
--
ALTER TABLE `courseuser`
  MODIFY `id` int(10) UNSIGNED NOT NULL AUTO_INCREMENT, AUTO_INCREMENT=1357;

--
-- AUTO_INCREMENT de la tabla `credentials`
--
ALTER TABLE `credentials`
  MODIFY `id` int(11) NOT NULL AUTO_INCREMENT, AUTO_INCREMENT=3;

--
-- AUTO_INCREMENT de la tabla `files`
--
ALTER TABLE `files`
  MODIFY `id` int(10) UNSIGNED NOT NULL AUTO_INCREMENT, AUTO_INCREMENT=14;

--
-- AUTO_INCREMENT de la tabla `profesion`
--
ALTER TABLE `profesion`
  MODIFY `id` int(10) UNSIGNED NOT NULL AUTO_INCREMENT, AUTO_INCREMENT=6;

--
-- AUTO_INCREMENT de la tabla `recover`
--
ALTER TABLE `recover`
  MODIFY `id_recover` int(10) UNSIGNED NOT NULL AUTO_INCREMENT, AUTO_INCREMENT=80;

--
-- AUTO_INCREMENT de la tabla `subcategories`
--
ALTER TABLE `subcategories`
  MODIFY `id` int(10) UNSIGNED NOT NULL AUTO_INCREMENT, AUTO_INCREMENT=14;

--
-- AUTO_INCREMENT de la tabla `themes`
--
ALTER TABLE `themes`
  MODIFY `id` int(10) UNSIGNED NOT NULL AUTO_INCREMENT, AUTO_INCREMENT=32;

--
-- AUTO_INCREMENT de la tabla `users`
--
ALTER TABLE `users`
  MODIFY `id` int(10) UNSIGNED NOT NULL AUTO_INCREMENT, AUTO_INCREMENT=507;

--
-- AUTO_INCREMENT de la tabla `videoscourse`
--
ALTER TABLE `videoscourse`
  MODIFY `id` int(10) UNSIGNED NOT NULL AUTO_INCREMENT, AUTO_INCREMENT=38;

--
-- Restricciones para tablas volcadas
--

--
-- Filtros para la tabla `auth`
--
ALTER TABLE `auth`
  ADD CONSTRAINT `auth_ibfk_1` FOREIGN KEY (`idusr`) REFERENCES `users` (`id`) ON DELETE CASCADE;

--
-- Filtros para la tabla `course`
--
ALTER TABLE `course`
  ADD CONSTRAINT `course_ibfk_1` FOREIGN KEY (`category`) REFERENCES `categories` (`id`),
  ADD CONSTRAINT `course_ibfk_2` FOREIGN KEY (`subcategory`) REFERENCES `subcategories` (`id`),
  ADD CONSTRAINT `course_ibfk_3` FOREIGN KEY (`credentialid`) REFERENCES `credentials` (`id`) ON DELETE SET NULL ON UPDATE NO ACTION;

--
-- Filtros para la tabla `courseuser`
--
ALTER TABLE `courseuser`
  ADD CONSTRAINT `courseuser_ibfk_1` FOREIGN KEY (`idcourse`) REFERENCES `course` (`id`) ON DELETE CASCADE ON UPDATE NO ACTION,
  ADD CONSTRAINT `courseuser_ibfk_2` FOREIGN KEY (`iduser`) REFERENCES `users` (`id`) ON DELETE CASCADE ON UPDATE NO ACTION;

--
-- Filtros para la tabla `files`
--
ALTER TABLE `files`
  ADD CONSTRAINT `files_ibfk_1` FOREIGN KEY (`idcourse`) REFERENCES `course` (`id`) ON DELETE CASCADE ON UPDATE NO ACTION,
  ADD CONSTRAINT `files_ibfk_2` FOREIGN KEY (`idvideo`) REFERENCES `videoscourse` (`id`) ON DELETE CASCADE;

--
-- Filtros para la tabla `recover`
--
ALTER TABLE `recover`
  ADD CONSTRAINT `recover_ibfk_1` FOREIGN KEY (`idusr`) REFERENCES `users` (`id`) ON DELETE CASCADE;

--
-- Filtros para la tabla `subcategories`
--
ALTER TABLE `subcategories`
  ADD CONSTRAINT `subcategories_ibfk_1` FOREIGN KEY (`idcategory`) REFERENCES `categories` (`id`) ON DELETE CASCADE;

--
-- Filtros para la tabla `themes`
--
ALTER TABLE `themes`
  ADD CONSTRAINT `themes_ibfk_1` FOREIGN KEY (`idcourse`) REFERENCES `course` (`id`) ON DELETE CASCADE;

--
-- Filtros para la tabla `videoscourse`
--
ALTER TABLE `videoscourse`
  ADD CONSTRAINT `videoscourse_ibfk_1` FOREIGN KEY (`idcourse`) REFERENCES `course` (`id`) ON DELETE CASCADE ON UPDATE NO ACTION;
COMMIT;

/*!40101 SET CHARACTER_SET_CLIENT=@OLD_CHARACTER_SET_CLIENT */;
/*!40101 SET CHARACTER_SET_RESULTS=@OLD_CHARACTER_SET_RESULTS */;
/*!40101 SET COLLATION_CONNECTION=@OLD_COLLATION_CONNECTION */;
